[
{
    "model": "admin.logentry",
    "pk": 1,
    "fields": {
        "action_time": "2024-10-25T18:43:48.019",
        "user": 1,
        "content_type": 9,
        "object_id": "16",
        "object_repr": "CURRICULUM",
        "action_flag": 1,
        "change_message": "[{\"added\": {}}]"
    }
},
{
    "model": "admin.logentry",
    "pk": 2,
    "fields": {
        "action_time": "2024-10-25T19:12:54.358",
        "user": 1,
        "content_type": 4,
        "object_id": "2",
        "object_repr": "pepe",
        "action_flag": 1,
        "change_message": "[{\"added\": {}}]"
    }
},
{
    "model": "admin.logentry",
    "pk": 3,
    "fields": {
        "action_time": "2024-10-25T19:13:05.291",
        "user": 1,
        "content_type": 4,
        "object_id": "2",
        "object_repr": "pepe",
        "action_flag": 2,
        "change_message": "[]"
    }
},
{
    "model": "admin.logentry",
    "pk": 4,
    "fields": {
        "action_time": "2024-10-25T19:13:56.541",
        "user": 1,
        "content_type": 4,
        "object_id": "2",
        "object_repr": "pepe",
        "action_flag": 2,
        "change_message": "[{\"changed\": {\"fields\": [\"password\"]}}]"
    }
},
{
    "model": "admin.logentry",
    "pk": 5,
    "fields": {
        "action_time": "2024-10-25T19:14:03.154",
        "user": 1,
        "content_type": 4,
        "object_id": "2",
        "object_repr": "pepe",
        "action_flag": 2,
        "change_message": "[]"
    }
},
{
    "model": "admin.logentry",
    "pk": 6,
    "fields": {
        "action_time": "2024-10-25T19:14:39.271",
        "user": 1,
        "content_type": 4,
        "object_id": "2",
        "object_repr": "pepe",
        "action_flag": 2,
        "change_message": "[{\"changed\": {\"fields\": [\"password\"]}}]"
    }
},
{
    "model": "admin.logentry",
    "pk": 7,
    "fields": {
        "action_time": "2024-10-25T19:14:41.993",
        "user": 1,
        "content_type": 4,
        "object_id": "2",
        "object_repr": "pepe",
        "action_flag": 2,
        "change_message": "[]"
    }
},
{
    "model": "admin.logentry",
    "pk": 8,
    "fields": {
        "action_time": "2024-11-19T22:31:32.058",
        "user": 1,
        "content_type": 8,
        "object_id": "16",
        "object_repr": "Juan",
        "action_flag": 1,
        "change_message": "[{\"added\": {}}]"
    }
},
{
    "model": "auth.permission",
    "pk": 1,
    "fields": {
        "name": "Can add log entry",
        "content_type": 1,
        "codename": "add_logentry"
    }
},
{
    "model": "auth.permission",
    "pk": 2,
    "fields": {
        "name": "Can change log entry",
        "content_type": 1,
        "codename": "change_logentry"
    }
},
{
    "model": "auth.permission",
    "pk": 3,
    "fields": {
        "name": "Can delete log entry",
        "content_type": 1,
        "codename": "delete_logentry"
    }
},
{
    "model": "auth.permission",
    "pk": 4,
    "fields": {
        "name": "Can view log entry",
        "content_type": 1,
        "codename": "view_logentry"
    }
},
{
    "model": "auth.permission",
    "pk": 5,
    "fields": {
        "name": "Can add permission",
        "content_type": 2,
        "codename": "add_permission"
    }
},
{
    "model": "auth.permission",
    "pk": 6,
    "fields": {
        "name": "Can change permission",
        "content_type": 2,
        "codename": "change_permission"
    }
},
{
    "model": "auth.permission",
    "pk": 7,
    "fields": {
        "name": "Can delete permission",
        "content_type": 2,
        "codename": "delete_permission"
    }
},
{
    "model": "auth.permission",
    "pk": 8,
    "fields": {
        "name": "Can view permission",
        "content_type": 2,
        "codename": "view_permission"
    }
},
{
    "model": "auth.permission",
    "pk": 9,
    "fields": {
        "name": "Can add group",
        "content_type": 3,
        "codename": "add_group"
    }
},
{
    "model": "auth.permission",
    "pk": 10,
    "fields": {
        "name": "Can change group",
        "content_type": 3,
        "codename": "change_group"
    }
},
{
    "model": "auth.permission",
    "pk": 11,
    "fields": {
        "name": "Can delete group",
        "content_type": 3,
        "codename": "delete_group"
    }
},
{
    "model": "auth.permission",
    "pk": 12,
    "fields": {
        "name": "Can view group",
        "content_type": 3,
        "codename": "view_group"
    }
},
{
    "model": "auth.permission",
    "pk": 13,
    "fields": {
        "name": "Can add user",
        "content_type": 4,
        "codename": "add_user"
    }
},
{
    "model": "auth.permission",
    "pk": 14,
    "fields": {
        "name": "Can change user",
        "content_type": 4,
        "codename": "change_user"
    }
},
{
    "model": "auth.permission",
    "pk": 15,
    "fields": {
        "name": "Can delete user",
        "content_type": 4,
        "codename": "delete_user"
    }
},
{
    "model": "auth.permission",
    "pk": 16,
    "fields": {
        "name": "Can view user",
        "content_type": 4,
        "codename": "view_user"
    }
},
{
    "model": "auth.permission",
    "pk": 17,
    "fields": {
        "name": "Can add content type",
        "content_type": 5,
        "codename": "add_contenttype"
    }
},
{
    "model": "auth.permission",
    "pk": 18,
    "fields": {
        "name": "Can change content type",
        "content_type": 5,
        "codename": "change_contenttype"
    }
},
{
    "model": "auth.permission",
    "pk": 19,
    "fields": {
        "name": "Can delete content type",
        "content_type": 5,
        "codename": "delete_contenttype"
    }
},
{
    "model": "auth.permission",
    "pk": 20,
    "fields": {
        "name": "Can view content type",
        "content_type": 5,
        "codename": "view_contenttype"
    }
},
{
    "model": "auth.permission",
    "pk": 21,
    "fields": {
        "name": "Can add session",
        "content_type": 6,
        "codename": "add_session"
    }
},
{
    "model": "auth.permission",
    "pk": 22,
    "fields": {
        "name": "Can change session",
        "content_type": 6,
        "codename": "change_session"
    }
},
{
    "model": "auth.permission",
    "pk": 23,
    "fields": {
        "name": "Can delete session",
        "content_type": 6,
        "codename": "delete_session"
    }
},
{
    "model": "auth.permission",
    "pk": 24,
    "fields": {
        "name": "Can view session",
        "content_type": 6,
        "codename": "view_session"
    }
},
{
    "model": "auth.permission",
    "pk": 25,
    "fields": {
        "name": "Can add proyecto",
        "content_type": 7,
        "codename": "add_proyecto"
    }
},
{
    "model": "auth.permission",
    "pk": 26,
    "fields": {
        "name": "Can change proyecto",
        "content_type": 7,
        "codename": "change_proyecto"
    }
},
{
    "model": "auth.permission",
    "pk": 27,
    "fields": {
        "name": "Can delete proyecto",
        "content_type": 7,
        "codename": "delete_proyecto"
    }
},
{
    "model": "auth.permission",
    "pk": 28,
    "fields": {
        "name": "Can view proyecto",
        "content_type": 7,
        "codename": "view_proyecto"
    }
},
{
    "model": "auth.permission",
    "pk": 29,
    "fields": {
        "name": "Can add usuario",
        "content_type": 8,
        "codename": "add_usuario"
    }
},
{
    "model": "auth.permission",
    "pk": 30,
    "fields": {
        "name": "Can change usuario",
        "content_type": 8,
        "codename": "change_usuario"
    }
},
{
    "model": "auth.permission",
    "pk": 31,
    "fields": {
        "name": "Can delete usuario",
        "content_type": 8,
        "codename": "delete_usuario"
    }
},
{
    "model": "auth.permission",
    "pk": 32,
    "fields": {
        "name": "Can view usuario",
        "content_type": 8,
        "codename": "view_usuario"
    }
},
{
    "model": "auth.permission",
    "pk": 33,
    "fields": {
        "name": "Can add tarea",
        "content_type": 9,
        "codename": "add_tarea"
    }
},
{
    "model": "auth.permission",
    "pk": 34,
    "fields": {
        "name": "Can change tarea",
        "content_type": 9,
        "codename": "change_tarea"
    }
},
{
    "model": "auth.permission",
    "pk": 35,
    "fields": {
        "name": "Can delete tarea",
        "content_type": 9,
        "codename": "delete_tarea"
    }
},
{
    "model": "auth.permission",
    "pk": 36,
    "fields": {
        "name": "Can view tarea",
        "content_type": 9,
        "codename": "view_tarea"
    }
},
{
    "model": "auth.permission",
    "pk": 37,
    "fields": {
        "name": "Can add etiqueta",
        "content_type": 10,
        "codename": "add_etiqueta"
    }
},
{
    "model": "auth.permission",
    "pk": 38,
    "fields": {
        "name": "Can change etiqueta",
        "content_type": 10,
        "codename": "change_etiqueta"
    }
},
{
    "model": "auth.permission",
    "pk": 39,
    "fields": {
        "name": "Can delete etiqueta",
        "content_type": 10,
        "codename": "delete_etiqueta"
    }
},
{
    "model": "auth.permission",
    "pk": 40,
    "fields": {
        "name": "Can view etiqueta",
        "content_type": 10,
        "codename": "view_etiqueta"
    }
},
{
    "model": "auth.permission",
    "pk": 41,
    "fields": {
        "name": "Can add asignacion tarea",
        "content_type": 11,
        "codename": "add_asignaciontarea"
    }
},
{
    "model": "auth.permission",
    "pk": 42,
    "fields": {
        "name": "Can change asignacion tarea",
        "content_type": 11,
        "codename": "change_asignaciontarea"
    }
},
{
    "model": "auth.permission",
    "pk": 43,
    "fields": {
        "name": "Can delete asignacion tarea",
        "content_type": 11,
        "codename": "delete_asignaciontarea"
    }
},
{
    "model": "auth.permission",
    "pk": 44,
    "fields": {
        "name": "Can view asignacion tarea",
        "content_type": 11,
        "codename": "view_asignaciontarea"
    }
},
{
    "model": "auth.permission",
    "pk": 45,
    "fields": {
        "name": "Can add comentario",
        "content_type": 12,
        "codename": "add_comentario"
    }
},
{
    "model": "auth.permission",
    "pk": 46,
    "fields": {
        "name": "Can change comentario",
        "content_type": 12,
        "codename": "change_comentario"
    }
},
{
    "model": "auth.permission",
    "pk": 47,
    "fields": {
        "name": "Can delete comentario",
        "content_type": 12,
        "codename": "delete_comentario"
    }
},
{
    "model": "auth.permission",
    "pk": 48,
    "fields": {
        "name": "Can view comentario",
        "content_type": 12,
        "codename": "view_comentario"
    }
},
{
    "model": "auth.user",
    "pk": 1,
    "fields": {
        "password": "pbkdf2_sha256$870000$tSmY9sFfqdomNATGvzqSGe$9JXx8WtkPwN43ZRJ0T047nHzxeRA4K2cjTNsdO5rgkU=",
        "last_login": "2024-11-19T22:31:07.058",
        "is_superuser": true,
        "username": "admin",
        "first_name": "",
        "last_name": "",
        "email": "admin@sadsdadsa.com",
        "is_staff": true,
        "is_active": true,
        "date_joined": "2024-10-25T18:40:38.225",
        "groups": [],
        "user_permissions": []
    }
},
{
    "model": "auth.user",
    "pk": 2,
    "fields": {
        "password": "pbkdf2_sha256$870000$brdVjPfi9T1zNhaMhEFvez$RpnbKpJjO5NBFqdOS4emv3FQbKrPBwTarI/ebvG5IaQ=",
        "last_login": null,
        "is_superuser": false,
        "username": "pepe",
        "first_name": "",
        "last_name": "",
        "email": "",
        "is_staff": false,
        "is_active": true,
        "date_joined": "2024-10-25T19:12:53",
        "groups": [],
        "user_permissions": []
    }
},
{
    "model": "contenttypes.contenttype",
    "pk": 1,
    "fields": {
        "app_label": "admin",
        "model": "logentry"
    }
},
{
    "model": "contenttypes.contenttype",
    "pk": 2,
    "fields": {
        "app_label": "auth",
        "model": "permission"
    }
},
{
    "model": "contenttypes.contenttype",
    "pk": 3,
    "fields": {
        "app_label": "auth",
        "model": "group"
    }
},
{
    "model": "contenttypes.contenttype",
    "pk": 4,
    "fields": {
        "app_label": "auth",
        "model": "user"
    }
},
{
    "model": "contenttypes.contenttype",
    "pk": 5,
    "fields": {
        "app_label": "contenttypes",
        "model": "contenttype"
    }
},
{
    "model": "contenttypes.contenttype",
    "pk": 6,
    "fields": {
        "app_label": "sessions",
        "model": "session"
    }
},
{
    "model": "contenttypes.contenttype",
    "pk": 7,
    "fields": {
        "app_label": "gtareas",
        "model": "proyecto"
    }
},
{
    "model": "contenttypes.contenttype",
    "pk": 8,
    "fields": {
        "app_label": "gtareas",
        "model": "usuario"
    }
},
{
    "model": "contenttypes.contenttype",
    "pk": 9,
    "fields": {
        "app_label": "gtareas",
        "model": "tarea"
    }
},
{
    "model": "contenttypes.contenttype",
    "pk": 10,
    "fields": {
        "app_label": "gtareas",
        "model": "etiqueta"
    }
},
{
    "model": "contenttypes.contenttype",
    "pk": 11,
    "fields": {
        "app_label": "gtareas",
        "model": "asignaciontarea"
    }
},
{
    "model": "contenttypes.contenttype",
    "pk": 12,
    "fields": {
        "app_label": "gtareas",
        "model": "comentario"
    }
},
{
    "model": "sessions.session",
    "pk": "y3dgd7fbh1zjfc54u79z92erj0w1uqya",
    "fields": {
        "session_data": ".eJxVjDsOwjAQRO_iGlleJ_5R0ucM1q4_OIBsKU4qxN1JpBRQzrw382Yet7X4rafFz5FdGbDLb0cYnqkeID6w3hsPra7LTPxQ-Ek7n1pMr9vp_h0U7GVfa2kUuCytheScCIEGVEE7GAQlyEJjtsIoA7jnUZGUQBpGAKlFlBTY5wvAETbz:1tDVoR:-FufgUYeBm8cyWWwuKHNOHxHX1tPZr1tMr18r2qgtjI",
        "expire_date": "2024-12-03T22:31:07.098"
    }
},
{
    "model": "gtareas.usuario",
    "pk": 1,
    "fields": {
        "nombre": "End base upon reason from likely between. Despite million management information me edge indicate. Century can couple blue score whom.\nMake life performance position end various sing move.",
        "correo_electronico": "See leader two. World win attack if market choose region. Sit him particular material.\nThen single attention risk to. Father force Congress new behavior. Country cell seem possible wind black east.",
        "contrasena": "Sense official skin. Behavior put green record knowledge open officer. Machine pressure once job.",
        "fecha_registro": "2008-02-16T19:47:22"
    }
},
{
    "model": "gtareas.usuario",
    "pk": 2,
    "fields": {
        "nombre": "Stage reality adult smile claim. Nature early half third relate.",
        "correo_electronico": "Option final clearly could task century heavy worker. Fine serious increase leave ago. Past wrong science huge fire other more.\nRemember officer wind true final.",
        "contrasena": "Analysis customer word man through. North building mean actually material animal. Agent door me skill parent.",
        "fecha_registro": "1977-03-05T14:00:32"
    }
},
{
    "model": "gtareas.usuario",
    "pk": 3,
    "fields": {
        "nombre": "Improve property myself indeed.\nImage debate whom live. More place as official marriage in. Remember player current million thank.",
        "correo_electronico": "Later media quite particularly plan nature compare. Each natural day certainly hair result.\nParty positive job. Research financial movement majority fall tend air worker. Improve lead fear cause act.",
        "contrasena": "Note player decade bring spend benefit. Woman she economic inside position light.",
        "fecha_registro": "2011-02-25T10:53:56"
    }
},
{
    "model": "gtareas.usuario",
    "pk": 4,
    "fields": {
        "nombre": "Car yourself short history material. Reveal whose traditional describe audience ball garden.\nThe which view old where. Skill image road bank little once. Lead fly someone hot understand service day.",
        "correo_electronico": "Condition person hand dinner. Save someone manager authority lawyer blue. Chance teach him increase partner. Reach doctor family.",
        "contrasena": "According nor without development short. Choose early visit usually find.\nRoad unit teacher eat letter issue different. Light capital big watch deep major. Significant keep hair see charge.",
        "fecha_registro": "1971-02-19T06:04:35"
    }
},
{
    "model": "gtareas.usuario",
    "pk": 5,
    "fields": {
        "nombre": "Degree could coach get. City local sound. Miss national language rich painting industry anything voice.\nTell its audience north another.",
        "correo_electronico": "Field north evidence. Instead information measure together. Keep old born apply day.",
        "contrasena": "Keep large fly. Or form want interesting institution both mission guess. Woman other church senior college. Give media stand institution which dinner add piece.",
        "fecha_registro": "1995-09-22T11:34:00"
    }
},
{
    "model": "gtareas.usuario",
    "pk": 6,
    "fields": {
        "nombre": "Raise already edge deep. Kid its position. Environmental impact teach explain rate first bit.\nWeek customer you. Can project arm wrong election only.",
        "correo_electronico": "Play wind leave see air wish beautiful. Capital baby probably western street later wife. Student low through.\nBig course bank. While crime grow suddenly.",
        "contrasena": "Require blood will now along. Have clear trial stuff. Region third describe by citizen government perhaps.",
        "fecha_registro": "2018-04-23T08:50:57"
    }
},
{
    "model": "gtareas.usuario",
    "pk": 7,
    "fields": {
        "nombre": "Religious nice recent society member what yes. Employee everybody event make radio vote determine. Method southern past control.",
        "correo_electronico": "Its tend sound authority.\nMonth get job. Center push edge store structure become pretty.\nMake again line network must.",
        "contrasena": "Memory others skin American mean. Claim rule center state. Series rest blood treatment. With list us war religious finally.",
        "fecha_registro": "1995-07-15T12:37:13"
    }
},
{
    "model": "gtareas.usuario",
    "pk": 8,
    "fields": {
        "nombre": "Forward green significant leader think. Film positive task protect start prove. Opportunity act church court until society huge.",
        "correo_electronico": "Series impact field ten moment would yet. How positive not.\nAbove certainly scientist southern. Market once wait white general factor. Man senior information act.\nEither doctor pass.",
        "contrasena": "Word and seem top above doctor mean phone. Step painting college candidate. Involve son light plan history national get.\nDemocratic radio may some wish step father. Garden cut woman.",
        "fecha_registro": "1972-02-17T09:11:31"
    }
},
{
    "model": "gtareas.usuario",
    "pk": 9,
    "fields": {
        "nombre": "Yet Republican offer young. Score control use member. Ready near develop forward.",
        "correo_electronico": "Receive near any. Name factor can sister.\nCapital nature across role. Determine camera opportunity partner. Peace couple our year. Fire expert daughter standard subject.",
        "contrasena": "Agreement capital trouble tonight particular result. Property expect defense child. These southern view rest summer.",
        "fecha_registro": "1993-02-02T14:27:18"
    }
},
{
    "model": "gtareas.usuario",
    "pk": 10,
    "fields": {
        "nombre": "Blood ball feel wrong these drug with listen. Put account pick view first huge game. Fight hospital tell need.\nMother student cut budget least serve. Improve trial money order grow country.",
        "correo_electronico": "Approach north nature record however. Partner direction grow. Treatment student word president only.",
        "contrasena": "Statement decision woman book. Hour family road happen account want. Rich in hold increase culture new.\nResult choose reduce. Likely today of radio cut.",
        "fecha_registro": "2001-01-28T15:57:53"
    }
},
{
    "model": "gtareas.usuario",
    "pk": 11,
    "fields": {
        "nombre": "Eye other political recent trip. Also blue part today month foreign generation fine. However into blue return.",
        "correo_electronico": "Watch executive rest. Surface agree a skill. Participant visit low friend what officer.",
        "contrasena": "Bad miss whose like total. Year need child fill study purpose. Task it little industry up hospital occur win.",
        "fecha_registro": "2018-09-10T18:40:25"
    }
},
{
    "model": "gtareas.usuario",
    "pk": 12,
    "fields": {
        "nombre": "Great who tell imagine someone manage. Enough address bag accept town large also.\nCurrent door family single.\nHow somebody message she current. Road tax game weight.",
        "correo_electronico": "Sell spend democratic forward could board over professional.\nLanguage security home compare of kind stock. Yard best so design.\nChoose away real ten whether both old.",
        "contrasena": "Others assume lawyer be small way. Congress accept religious somebody he yeah rather wrong.\nStage say notice interest over. Understand base security north.",
        "fecha_registro": "1979-10-11T14:52:54"
    }
},
{
    "model": "gtareas.usuario",
    "pk": 13,
    "fields": {
        "nombre": "His force may visit. Rule fill education these the treat.\nSuch interest think scene attorney notice. Century offer adult language life newspaper each. Camera move guy value. Case security heavy.",
        "correo_electronico": "Task view son police explain health through ready. Republican loss Republican election kid above.\nScene important simply.",
        "contrasena": "Debate south if popular real. Exactly interest away mind everyone. Friend discussion film fill. Environment future political like remember yes.",
        "fecha_registro": "1983-12-16T05:08:26"
    }
},
{
    "model": "gtareas.usuario",
    "pk": 14,
    "fields": {
        "nombre": "Power fire even someone people look. Us use full thank watch.\nMedia now senior someone everyone. Note western suffer wind water would coach. Man trip lead region various six participant possible.",
        "correo_electronico": "Rate know eye often.\nTwo benefit project watch act different. True foot within feel record box.",
        "contrasena": "Determine voice quickly discussion particular. Likely hotel girl. Gas of drive forget.\nThem anyone sense high fight.",
        "fecha_registro": "1973-08-23T12:16:33"
    }
},
{
    "model": "gtareas.usuario",
    "pk": 15,
    "fields": {
        "nombre": "Structure actually true also free box fact fact. Political board edge still.\nStuff help like art book cut. Arrive discussion southern people.",
        "correo_electronico": "Professional better idea until threat allow effect. Admit form agree she player.\nExactly face entire account. Create either ball tonight wind. Ago amount their continue.",
        "contrasena": "Face here stand represent top describe.\nThroughout note sit such. Nothing term customer who.\nAgainst discussion everybody. Short eight space. Kid amount specific offer develop us simply.",
        "fecha_registro": "1997-05-04T19:57:48"
    }
},
{
    "model": "gtareas.usuario",
    "pk": 16,
    "fields": {
        "nombre": "Juan",
        "correo_electronico": "Pepe",
        "contrasena": "dsadsasdadsadsa",
        "fecha_registro": "2024-11-19T22:31:30"
    }
},
{
    "model": "gtareas.proyecto",
    "pk": 1,
    "fields": {
        "nombre": "Give college big station. Meeting company participant detail. Environment human enter interest environment growth color.",
        "descripcion": "Pattern pick quickly property. Seem good herself stock claim while various notice.\nGarden modern at computer with range defense. Hour pick get believe agent. Add mother yet must drop.",
        "duracion_estimada": 0.6187727192754848,
        "fecha_inicio": "2017-01-16",
        "fecha_finalizacion": "1993-03-25",
        "usuario": 10,
        "colaboradores": [
            4,
            8,
            9,
            10
        ]
    }
},
{
    "model": "gtareas.proyecto",
    "pk": 2,
    "fields": {
        "nombre": "Season less red group bad brother. Cut trial red occur fish. Somebody sometimes research PM sister range.\nDevelop current list table finish head. Build company structure state interesting eat.",
        "descripcion": "Remain under participant card lead little history. Poor same even.",
        "duracion_estimada": 0.6119000558374671,
        "fecha_inicio": "2004-01-10",
        "fecha_finalizacion": "1981-01-11",
        "usuario": 5,
        "colaboradores": [
            8,
            9,
            10,
            14
        ]
    }
},
{
    "model": "gtareas.proyecto",
    "pk": 3,
    "fields": {
        "nombre": "Particular fund raise. Tonight rather necessary many rate impact.\nJob federal list partner determine. Eight certain radio Mrs. Company black bed do event us if.",
        "descripcion": "Daughter leave real rich expert. Almost interesting college. Conference clearly level state.",
        "duracion_estimada": 0.19397723085665308,
        "fecha_inicio": "2003-09-08",
        "fecha_finalizacion": "2004-07-07",
        "usuario": 10,
        "colaboradores": [
            2,
            8,
            13,
            15
        ]
    }
},
{
    "model": "gtareas.proyecto",
    "pk": 4,
    "fields": {
        "nombre": "Teacher accept effort. Memory outside until institution box. Begin animal short check finally.\nBut human parent husband speak manager. Only table TV husband.",
        "descripcion": "Vote whole officer fall. Job north leave. Season outside exactly. Yet foot six forward.\nRelationship environment grow know style myself. Single her since style create. Meet too up.",
        "duracion_estimada": 0.5456106011591271,
        "fecha_inicio": "2013-03-17",
        "fecha_finalizacion": "1991-09-27",
        "usuario": 1,
        "colaboradores": [
            5,
            9,
            13
        ]
    }
},
{
    "model": "gtareas.proyecto",
    "pk": 5,
    "fields": {
        "nombre": "Seek grow mother film. Recent agent style identify once model effort benefit. However difference money line.\nForce Congress worry. Happen land personal. Brother more measure memory find pay focus.",
        "descripcion": "Nor adult decide computer room guess. Me Republican job these section.\nTown discuss court political.\nIdentify statement accept concern teach career bill. Middle between give from idea third order.",
        "duracion_estimada": 0.1761272540912705,
        "fecha_inicio": "2009-04-24",
        "fecha_finalizacion": "2018-08-22",
        "usuario": 9,
        "colaboradores": [
            8
        ]
    }
},
{
    "model": "gtareas.proyecto",
    "pk": 6,
    "fields": {
        "nombre": "Poor difference happy expert approach money senior particular. Country author song cause probably.",
        "descripcion": "Sound room born low attention democratic firm. Possible necessary when worry page especially he moment. Use cup national mean Democrat himself very.\nSort remain within bar successful yourself.",
        "duracion_estimada": 0.13682947804921053,
        "fecha_inicio": "2013-09-20",
        "fecha_finalizacion": "2013-06-05",
        "usuario": 3,
        "colaboradores": [
            1,
            10
        ]
    }
},
{
    "model": "gtareas.proyecto",
    "pk": 7,
    "fields": {
        "nombre": "Environmental environmental one mission white there. Nothing method should run.\nNature treatment word western total coach. Their majority special them.",
        "descripcion": "Become you present find. Series very about research form face nice teach. Purpose power may.\nBuild college even week public describe.\nMillion sometimes real mother. War window whom where suffer.",
        "duracion_estimada": 0.4022284753572525,
        "fecha_inicio": "2007-03-28",
        "fecha_finalizacion": "1985-06-23",
        "usuario": 8,
        "colaboradores": [
            1,
            4,
            5,
            15
        ]
    }
},
{
    "model": "gtareas.proyecto",
    "pk": 8,
    "fields": {
        "nombre": "Senior bring down piece. Say of travel paper. Easy and south discussion.\nWant south practice. Task section dinner travel boy enough rise stuff.",
        "descripcion": "Knowledge some eat account. Security represent power staff.\nExpect personal hair. Executive third force different than customer. Yourself friend level him project.",
        "duracion_estimada": 0.6119742455012972,
        "fecha_inicio": "1978-06-17",
        "fecha_finalizacion": "1972-09-27",
        "usuario": 5,
        "colaboradores": [
            1
        ]
    }
},
{
    "model": "gtareas.proyecto",
    "pk": 9,
    "fields": {
        "nombre": "I month provide create child reduce run. Spend show trouble. Necessary serious prepare foot business clearly.",
        "descripcion": "Claim myself your few dog stock compare. Food million want strong. Once child sound stage.\nOnly girl another money own news. Would pay visit together ten cell. Bed red two six.",
        "duracion_estimada": 0.13023679228209506,
        "fecha_inicio": "2018-03-21",
        "fecha_finalizacion": "1994-04-02",
        "usuario": 3,
        "colaboradores": [
            4,
            7,
            14
        ]
    }
},
{
    "model": "gtareas.proyecto",
    "pk": 10,
    "fields": {
        "nombre": "Bank magazine international city. Science sell scene standard cause manage behavior.\nHuman actually second spend. Until street hot wear.",
        "descripcion": "Hotel may just. Federal business crime some ready third sister.\nPush grow show story remember style in. Free issue event she piece.",
        "duracion_estimada": 0.11465598662455334,
        "fecha_inicio": "1987-05-03",
        "fecha_finalizacion": "2003-01-28",
        "usuario": 9,
        "colaboradores": [
            8,
            9
        ]
    }
},
{
    "model": "gtareas.proyecto",
    "pk": 11,
    "fields": {
        "nombre": "Rest ever science. Cause think interesting of technology born tend goal.\nValue collection age experience more you. Mission entire statement left few bad heavy perhaps.",
        "descripcion": "When almost surface. Majority remain policy the off. Police professional everyone another foreign.\nSo figure ten strong. Note miss eight team simple visit.",
        "duracion_estimada": 0.8603649092050164,
        "fecha_inicio": "1974-10-04",
        "fecha_finalizacion": "1977-12-08",
        "usuario": 1,
        "colaboradores": [
            1,
            9,
            13,
            14
        ]
    }
},
{
    "model": "gtareas.proyecto",
    "pk": 12,
    "fields": {
        "nombre": "Money pull his create right couple. Provide have executive what work. Student rich wife social.\nSee clear strong know law compare foreign director. Yard pass price book.",
        "descripcion": "Become treat wall thought. Executive time forward inside wrong administration chair.",
        "duracion_estimada": 0.5410966344782945,
        "fecha_inicio": "2009-09-25",
        "fecha_finalizacion": "2005-06-28",
        "usuario": 5,
        "colaboradores": [
            1,
            13
        ]
    }
},
{
    "model": "gtareas.proyecto",
    "pk": 13,
    "fields": {
        "nombre": "Information none billion song outside. Rise drive foot whatever resource bad.\nBeautiful maybe child sure. South memory form new crime fly with.",
        "descripcion": "Business network much record line TV space. Candidate law actually along they subject star. Suffer item behind that worry television fund one.",
        "duracion_estimada": 0.87448750992337,
        "fecha_inicio": "1982-12-10",
        "fecha_finalizacion": "1980-03-01",
        "usuario": 5,
        "colaboradores": [
            6
        ]
    }
},
{
    "model": "gtareas.proyecto",
    "pk": 14,
    "fields": {
        "nombre": "Model probably lead author recent imagine. Provide take society chance every. Manager deep every against.\nRock catch carry. Thing already analysis hotel put.",
        "descripcion": "Scientist international spring point technology see. Way establish mean enjoy entire. Machine because child child direction.",
        "duracion_estimada": 0.7819374458510454,
        "fecha_inicio": "2020-05-22",
        "fecha_finalizacion": "2002-04-28",
        "usuario": 12,
        "colaboradores": [
            7,
            13,
            14
        ]
    }
},
{
    "model": "gtareas.proyecto",
    "pk": 15,
    "fields": {
        "nombre": "Have girl address will medical simply. Bank interview type study money.\nSeem stand red recently however well. Subject two trouble artist base often near.\nHistory none rather any.",
        "descripcion": "Century myself your. Civil huge theory. Participant mouth agree large degree.\nShow opportunity fish worker knowledge trip. Least go carry could education.",
        "duracion_estimada": 0.4935884055133746,
        "fecha_inicio": "2017-05-02",
        "fecha_finalizacion": "2013-09-23",
        "usuario": 5,
        "colaboradores": [
            3
        ]
    }
},
{
    "model": "gtareas.tarea",
    "pk": 1,
    "fields": {
        "titulo": "Evidence avoid attack fish money. Man report animal position conference. Piece attorney white control all picture performance.",
        "descripcion": "Thought assume ten another group live land.\nPlant never here remain.\nRisk change could step hit. Forget record require.",
        "prioridad": -27185,
        "estado": "Pendiente",
        "completada": false,
        "fecha_creacion": "2024-10-25",
        "hora_vencimiento": "04:09:07",
        "creador": 11,
        "proyecto": 1
    }
},
{
    "model": "gtareas.tarea",
    "pk": 2,
    "fields": {
        "titulo": "Hand beautiful two relationship next pick see particular. Article top hope fear become type. Scientist red section perhaps make business us.",
        "descripcion": "Shoulder draw citizen. Provide true road create the. Still it themselves according.",
        "prioridad": 6157,
        "estado": "Pendiente",
        "completada": true,
        "fecha_creacion": "2024-10-25",
        "hora_vencimiento": "07:02:18",
        "creador": 11,
        "proyecto": 15
    }
},
{
    "model": "gtareas.tarea",
    "pk": 3,
    "fields": {
        "titulo": "Current find leader very approach page. Reason perform clearly sing and mean risk cultural.\nOffer good camera find discover article. Along act industry source fire response.",
        "descripcion": "Degree last man total husband with each. Food natural mention put west challenge their. Picture today assume bed fine decision attorney.",
        "prioridad": 20101,
        "estado": "Pendiente",
        "completada": false,
        "fecha_creacion": "2024-10-25",
        "hora_vencimiento": "18:18:43",
        "creador": 4,
        "proyecto": 12
    }
},
{
    "model": "gtareas.tarea",
    "pk": 4,
    "fields": {
        "titulo": "Marriage listen out major among nor finally. Yeah trouble house after name even your no. New financial improve.",
        "descripcion": "Fund seek heavy cut value sometimes daughter. Reveal stock shake share but find admit. Floor cell data board.",
        "prioridad": 12780,
        "estado": "Pendiente",
        "completada": true,
        "fecha_creacion": "2024-10-25",
        "hora_vencimiento": "08:43:38",
        "creador": 14,
        "proyecto": 5
    }
},
{
    "model": "gtareas.tarea",
    "pk": 5,
    "fields": {
        "titulo": "Very any imagine along issue even give single. Benefit direction blue after senior. Mr early war per soon stop sound.",
        "descripcion": "Side together task make address. Few friend wear table type large consider. Father teach street little.",
        "prioridad": 17946,
        "estado": "Pendiente",
        "completada": false,
        "fecha_creacion": "2024-10-25",
        "hora_vencimiento": "04:01:42",
        "creador": 1,
        "proyecto": 7
    }
},
{
    "model": "gtareas.tarea",
    "pk": 6,
    "fields": {
        "titulo": "Place audience fast east. Hold key several message tend able contain. Compare explain audience.\nRemain husband camera three. Executive sign tell base black.",
        "descripcion": "Watch method most these hot to. Degree threat traditional worker memory.\nThan quickly sport there. Adult court growth remain action environmental. From health method moment.",
        "prioridad": -15369,
        "estado": "Pendiente",
        "completada": true,
        "fecha_creacion": "2024-10-25",
        "hora_vencimiento": "10:34:03",
        "creador": 14,
        "proyecto": 1
    }
},
{
    "model": "gtareas.tarea",
    "pk": 7,
    "fields": {
        "titulo": "Population collection type. Car especially series. Grow very series gun.\nTry nearly responsibility condition husband mean knowledge. Fear cut room act. Consumer forget hot guy word often.",
        "descripcion": "Congress operation yard series political your book. Church social sure nature director seem later call.\nSouthern same own general. Better choice middle series mission ground capital audience.",
        "prioridad": -18354,
        "estado": "Pendiente",
        "completada": false,
        "fecha_creacion": "2024-10-25",
        "hora_vencimiento": "03:45:51",
        "creador": 14,
        "proyecto": 15
    }
},
{
    "model": "gtareas.tarea",
    "pk": 8,
    "fields": {
        "titulo": "What success present manager idea less. Water particular guy project commercial attention tend.\nFine foreign would side traditional debate. Such deal activity many organization so mouth.",
        "descripcion": "Street century degree often rate sure stop shoulder. Special where middle energy get sort. Take defense tonight determine share.",
        "prioridad": 16389,
        "estado": "Pendiente",
        "completada": false,
        "fecha_creacion": "2024-10-25",
        "hora_vencimiento": "04:29:25",
        "creador": 11,
        "proyecto": 9
    }
},
{
    "model": "gtareas.tarea",
    "pk": 9,
    "fields": {
        "titulo": "Have image them still painting process. Hope commercial ten measure blood religious blood. Owner material process black grow go goal.",
        "descripcion": "End really factor necessary real from lawyer. Left control serious however draw people window.",
        "prioridad": -7297,
        "estado": "Pendiente",
        "completada": true,
        "fecha_creacion": "2024-10-25",
        "hora_vencimiento": "08:48:21",
        "creador": 3,
        "proyecto": 10
    }
},
{
    "model": "gtareas.tarea",
    "pk": 10,
    "fields": {
        "titulo": "Design everything food perform form attention in. Against agreement us game process. Smile owner challenge prove management indicate. Foot region shake understand.",
        "descripcion": "Difference shoulder majority politics south base daughter. Trip information adult green will tax rest. Spring common of exactly land instead answer.",
        "prioridad": -24905,
        "estado": "Pendiente",
        "completada": true,
        "fecha_creacion": "2024-10-25",
        "hora_vencimiento": "13:46:25",
        "creador": 8,
        "proyecto": 9
    }
},
{
    "model": "gtareas.tarea",
    "pk": 11,
    "fields": {
        "titulo": "Skill maintain rate price focus which artist. Term law ask receive consider push campaign. Agency film staff learn dinner check.\nNothing right end news.",
        "descripcion": "Tend show their authority during forget lead. Water professional big energy despite program few. More argue explain argue. With not the attack.",
        "prioridad": 21346,
        "estado": "Pendiente",
        "completada": true,
        "fecha_creacion": "2024-10-25",
        "hora_vencimiento": "04:01:48",
        "creador": 7,
        "proyecto": 13
    }
},
{
    "model": "gtareas.tarea",
    "pk": 12,
    "fields": {
        "titulo": "Here rule hard four. Senior medical eat agency discussion our page. East which also same because answer. Military degree mouth pattern.",
        "descripcion": "Theory financial conference necessary of leave. Series official science teacher. Book agree professional provide including.",
        "prioridad": 1849,
        "estado": "Pendiente",
        "completada": false,
        "fecha_creacion": "2024-10-25",
        "hora_vencimiento": "19:26:53",
        "creador": 1,
        "proyecto": 8
    }
},
{
    "model": "gtareas.tarea",
    "pk": 13,
    "fields": {
        "titulo": "Dark student along investment must pass language. Own argue wait care discover go. Room item per record remain that cover back.",
        "descripcion": "Child rich onto something plan high.\nDeep fly door consumer heavy. Peace chance religious might off kitchen last.",
        "prioridad": 13498,
        "estado": "Pendiente",
        "completada": false,
        "fecha_creacion": "2024-10-25",
        "hora_vencimiento": "03:17:11",
        "creador": 15,
        "proyecto": 9
    }
},
{
    "model": "gtareas.tarea",
    "pk": 14,
    "fields": {
        "titulo": "Today anything and Mr. Region hard here town deal. Window free recently none.\nPrice inside campaign. Red knowledge according perform. Hour specific turn should church.",
        "descripcion": "Democrat event affect include. Effect mouth their car.\nTechnology message data him coach build western. Candidate rule between agree two their.",
        "prioridad": 15736,
        "estado": "Pendiente",
        "completada": false,
        "fecha_creacion": "2024-10-25",
        "hora_vencimiento": "05:59:43",
        "creador": 3,
        "proyecto": 9
    }
},
{
    "model": "gtareas.tarea",
    "pk": 15,
    "fields": {
        "titulo": "Consumer thousand church yes speech American maybe. Figure newspaper raise always. Remain central need central center arm. Huge feel dark actually important soldier city.",
        "descripcion": "Education society recently member appear push resource. Difference production thus. That half how attack choose half.\nPaper soldier phone people late memory. Newspaper executive memory.",
        "prioridad": -4170,
        "estado": "Pendiente",
        "completada": false,
        "fecha_creacion": "2024-10-25",
        "hora_vencimiento": "07:27:09",
        "creador": 5,
        "proyecto": 5
    }
},
{
    "model": "gtareas.tarea",
    "pk": 16,
    "fields": {
        "titulo": "CURRICULUM",
        "descripcion": "curriculum para poder trabajar.",
        "prioridad": 1,
        "estado": "Com",
        "completada": false,
        "fecha_creacion": "2024-10-25",
        "hora_vencimiento": "18:43:41",
        "creador": 5,
        "proyecto": 9
    }
},
{
    "model": "gtareas.etiqueta",
    "pk": 1,
    "fields": {
        "nombre": "Unit also east. Memory than turn detail international wrong health. East rest animal relate where have hard ok.\nReduce religious program style ever single. Tell agency ask why.",
        "tareas": [
            3,
            4,
            8,
            12
        ]
    }
},
{
    "model": "gtareas.etiqueta",
    "pk": 2,
    "fields": {
        "nombre": "Go candidate religious apply especially blue. Card strong will type its too couple.",
        "tareas": [
            11
        ]
    }
},
{
    "model": "gtareas.etiqueta",
    "pk": 3,
    "fields": {
        "nombre": "Training follow along Democrat. Factor argue election no few. Figure current else rise decade next three.\nSystem sometimes nice guy order fill personal fight. Hit close her most behind important.",
        "tareas": [
            2,
            4,
            8
        ]
    }
},
{
    "model": "gtareas.etiqueta",
    "pk": 4,
    "fields": {
        "nombre": "Clear themselves recognize Democrat most word song. Important sea purpose left now matter. They manager action alone success.",
        "tareas": [
            8,
            9,
            12
        ]
    }
},
{
    "model": "gtareas.etiqueta",
    "pk": 5,
    "fields": {
        "nombre": "A friend cold room must.\nMusic argue middle however as ground reality history. Travel physical top might agency.",
        "tareas": [
            4,
            9,
            13,
            15
        ]
    }
},
{
    "model": "gtareas.etiqueta",
    "pk": 6,
    "fields": {
        "nombre": "Environmental all team. Store community site where. Member project share red. Radio various significant list full even.",
        "tareas": [
            12
        ]
    }
},
{
    "model": "gtareas.etiqueta",
    "pk": 7,
    "fields": {
        "nombre": "First his goal apply. Market room green country space help set.\nThemselves control source design. Future set any get also might politics wonder. Hand weight blue concern.",
        "tareas": [
            3,
            12,
            14
        ]
    }
},
{
    "model": "gtareas.etiqueta",
    "pk": 8,
    "fields": {
        "nombre": "Finally interest owner a. Fly push voice television. Rest ahead every special for.\nVoice itself crime manager.",
        "tareas": [
            5,
            13,
            15
        ]
    }
},
{
    "model": "gtareas.etiqueta",
    "pk": 9,
    "fields": {
        "nombre": "Call position wish teacher offer.\nIndicate all career their enter song office. Decade hit story rise director where. Leave environmental Mr agreement.",
        "tareas": [
            13
        ]
    }
},
{
    "model": "gtareas.etiqueta",
    "pk": 10,
    "fields": {
        "nombre": "Evening window system summer. Necessary what mind choose performance together.",
        "tareas": [
            9
        ]
    }
},
{
    "model": "gtareas.etiqueta",
    "pk": 11,
    "fields": {
        "nombre": "Check actually value either campaign. Network be next maybe nation particularly. Air part expect anything money.",
        "tareas": [
            3
        ]
    }
},
{
    "model": "gtareas.etiqueta",
    "pk": 12,
    "fields": {
        "nombre": "Week industry image brother system face. Feel light behavior arrive discuss senior. None mouth record identify tell rich series.",
        "tareas": [
            1,
            3
        ]
    }
},
{
    "model": "gtareas.etiqueta",
    "pk": 13,
    "fields": {
        "nombre": "Save knowledge allow news cover. Upon rule law can anyone discuss.\nMilitary maintain someone. Or particular audience. Movement build attack measure act memory.",
        "tareas": [
            8,
            12,
            13
        ]
    }
},
{
    "model": "gtareas.etiqueta",
    "pk": 14,
    "fields": {
        "nombre": "Week question role cultural. Assume manage including last food I. Why today let reflect.\nUnit peace sound worry store. Include military home protect produce.",
        "tareas": [
            6,
            8,
            11,
            15
        ]
    }
},
{
    "model": "gtareas.etiqueta",
    "pk": 15,
    "fields": {
        "nombre": "Add great direction need when care finally.\nInclude agree TV yourself. Can money experience increase themselves put.",
        "tareas": [
            2,
            3
        ]
    }
},
{
    "model": "gtareas.asignaciontarea",
    "pk": 1,
    "fields": {
        "usuario": 5,
        "tarea": 1,
        "observaciones": "",
        "fecha_asignacion": null
    }
},
{
    "model": "gtareas.asignaciontarea",
    "pk": 2,
    "fields": {
        "usuario": 3,
        "tarea": 2,
        "observaciones": "",
        "fecha_asignacion": null
    }
},
{
    "model": "gtareas.asignaciontarea",
    "pk": 3,
    "fields": {
        "usuario": 6,
        "tarea": 2,
        "observaciones": "",
        "fecha_asignacion": null
    }
},
{
    "model": "gtareas.asignaciontarea",
    "pk": 4,
    "fields": {
        "usuario": 12,
        "tarea": 3,
        "observaciones": "",
        "fecha_asignacion": null
    }
},
{
    "model": "gtareas.asignaciontarea",
    "pk": 5,
    "fields": {
        "usuario": 13,
        "tarea": 3,
        "observaciones": "",
        "fecha_asignacion": null
    }
},
{
    "model": "gtareas.asignaciontarea",
    "pk": 6,
    "fields": {
        "usuario": 1,
        "tarea": 4,
        "observaciones": "",
        "fecha_asignacion": null
    }
},
{
    "model": "gtareas.asignaciontarea",
    "pk": 7,
    "fields": {
        "usuario": 13,
        "tarea": 4,
        "observaciones": "",
        "fecha_asignacion": null
    }
},
{
    "model": "gtareas.asignaciontarea",
    "pk": 8,
    "fields": {
        "usuario": 2,
        "tarea": 5,
        "observaciones": "",
        "fecha_asignacion": null
    }
},
{
    "model": "gtareas.asignaciontarea",
    "pk": 9,
    "fields": {
        "usuario": 1,
        "tarea": 5,
        "observaciones": "",
        "fecha_asignacion": null
    }
},
{
    "model": "gtareas.asignaciontarea",
    "pk": 10,
    "fields": {
        "usuario": 4,
        "tarea": 5,
        "observaciones": "",
        "fecha_asignacion": null
    }
},
{
    "model": "gtareas.asignaciontarea",
    "pk": 11,
    "fields": {
        "usuario": 13,
        "tarea": 6,
        "observaciones": "",
        "fecha_asignacion": null
    }
},
{
    "model": "gtareas.asignaciontarea",
    "pk": 12,
    "fields": {
        "usuario": 7,
        "tarea": 6,
        "observaciones": "",
        "fecha_asignacion": null
    }
},
{
    "model": "gtareas.asignaciontarea",
    "pk": 13,
    "fields": {
        "usuario": 14,
        "tarea": 6,
        "observaciones": "",
        "fecha_asignacion": null
    }
},
{
    "model": "gtareas.asignaciontarea",
    "pk": 14,
    "fields": {
        "usuario": 13,
        "tarea": 7,
        "observaciones": "",
        "fecha_asignacion": null
    }
},
{
    "model": "gtareas.asignaciontarea",
    "pk": 15,
    "fields": {
        "usuario": 11,
        "tarea": 7,
        "observaciones": "",
        "fecha_asignacion": null
    }
},
{
    "model": "gtareas.asignaciontarea",
    "pk": 16,
    "fields": {
        "usuario": 12,
        "tarea": 7,
        "observaciones": "",
        "fecha_asignacion": null
    }
},
{
    "model": "gtareas.asignaciontarea",
    "pk": 17,
    "fields": {
        "usuario": 15,
        "tarea": 8,
        "observaciones": "",
        "fecha_asignacion": null
    }
},
{
    "model": "gtareas.asignaciontarea",
    "pk": 18,
    "fields": {
        "usuario": 13,
        "tarea": 9,
        "observaciones": "",
        "fecha_asignacion": null
    }
},
{
    "model": "gtareas.asignaciontarea",
    "pk": 19,
    "fields": {
        "usuario": 9,
        "tarea": 9,
        "observaciones": "",
        "fecha_asignacion": null
    }
},
{
    "model": "gtareas.asignaciontarea",
    "pk": 20,
    "fields": {
        "usuario": 13,
        "tarea": 10,
        "observaciones": "",
        "fecha_asignacion": null
    }
},
{
    "model": "gtareas.asignaciontarea",
    "pk": 21,
    "fields": {
        "usuario": 12,
        "tarea": 11,
        "observaciones": "",
        "fecha_asignacion": null
    }
},
{
    "model": "gtareas.asignaciontarea",
    "pk": 22,
    "fields": {
        "usuario": 8,
        "tarea": 12,
        "observaciones": "",
        "fecha_asignacion": null
    }
},
{
    "model": "gtareas.asignaciontarea",
    "pk": 23,
    "fields": {
        "usuario": 7,
        "tarea": 13,
        "observaciones": "",
        "fecha_asignacion": null
    }
},
{
    "model": "gtareas.asignaciontarea",
    "pk": 24,
    "fields": {
        "usuario": 10,
        "tarea": 14,
        "observaciones": "",
        "fecha_asignacion": null
    }
},
{
    "model": "gtareas.asignaciontarea",
    "pk": 25,
    "fields": {
        "usuario": 1,
        "tarea": 14,
        "observaciones": "",
        "fecha_asignacion": null
    }
},
{
    "model": "gtareas.asignaciontarea",
    "pk": 26,
    "fields": {
        "usuario": 4,
        "tarea": 14,
        "observaciones": "",
        "fecha_asignacion": null
    }
},
{
    "model": "gtareas.asignaciontarea",
    "pk": 27,
    "fields": {
        "usuario": 5,
        "tarea": 14,
        "observaciones": "",
        "fecha_asignacion": null
    }
},
{
    "model": "gtareas.asignaciontarea",
    "pk": 28,
    "fields": {
        "usuario": 10,
        "tarea": 15,
        "observaciones": "",
        "fecha_asignacion": null
    }
},
{
    "model": "gtareas.asignaciontarea",
    "pk": 29,
    "fields": {
        "usuario": 1,
        "tarea": 15,
        "observaciones": "",
        "fecha_asignacion": null
    }
},
{
    "model": "gtareas.asignaciontarea",
    "pk": 30,
    "fields": {
        "usuario": 13,
        "tarea": 15,
        "observaciones": "",
        "fecha_asignacion": null
    }
},
{
    "model": "gtareas.asignaciontarea",
    "pk": 31,
    "fields": {
        "usuario": 9,
        "tarea": 15,
        "observaciones": "",
        "fecha_asignacion": null
    }
},
{
    "model": "gtareas.asignaciontarea",
    "pk": 32,
    "fields": {
        "usuario": 1,
        "tarea": 8,
        "observaciones": "Every against bag. Property evening official sometimes boy.\nNational tax everyone nothing newspaper.\nDemocratic professional top. He agent physical firm statement none.",
        "fecha_asignacion": "1990-03-31T21:43:19"
    }
},
{
    "model": "gtareas.asignaciontarea",
    "pk": 33,
    "fields": {
        "usuario": 11,
        "tarea": 14,
        "observaciones": "This growth consider everybody church improve save. Civil manager set decade care scene adult. Fill action factor major attention have Republican.\nSpecific her camera receive.",
        "fecha_asignacion": "1988-07-09T08:44:06"
    }
},
{
    "model": "gtareas.asignaciontarea",
    "pk": 34,
    "fields": {
        "usuario": 15,
        "tarea": 14,
        "observaciones": "Design help myself. War often scene inside.\nFollow small real material give. Enough put suggest positive soon. From like ask machine ball collection thus.",
        "fecha_asignacion": "2024-02-02T19:34:18"
    }
},
{
    "model": "gtareas.asignaciontarea",
    "pk": 35,
    "fields": {
        "usuario": 6,
        "tarea": 9,
        "observaciones": "Analysis decide black across. Onto size college executive share power author meet. Feel region market quickly guess authority available.",
        "fecha_asignacion": "1992-11-22T04:24:24"
    }
},
{
    "model": "gtareas.asignaciontarea",
    "pk": 36,
    "fields": {
        "usuario": 15,
        "tarea": 13,
        "observaciones": "Student now view office individual others whether. Guess law kind range. Wait best teacher spend study.",
        "fecha_asignacion": "1971-04-08T22:52:28"
    }
},
{
    "model": "gtareas.asignaciontarea",
    "pk": 37,
    "fields": {
        "usuario": 2,
        "tarea": 13,
        "observaciones": "However responsibility pull face. Over could evidence before hundred.\nLong mother deep indeed store apply choice. Third class condition realize plan may common.",
        "fecha_asignacion": "1986-01-30T21:12:54"
    }
},
{
    "model": "gtareas.asignaciontarea",
    "pk": 38,
    "fields": {
        "usuario": 13,
        "tarea": 8,
        "observaciones": "Actually piece important property. Wear turn section sure. Stock newspaper heart send anything determine.\nEnd should structure behind make free. Worker final movement least. Everybody describe see.",
        "fecha_asignacion": "1987-03-11T03:05:55"
    }
},
{
    "model": "gtareas.asignaciontarea",
    "pk": 39,
    "fields": {
        "usuario": 13,
        "tarea": 9,
        "observaciones": "Dream item glass well time south analysis poor. Mean yard weight sure go stuff part.\nHospital teach least. Up gas describe.",
        "fecha_asignacion": "1995-05-16T17:35:15"
    }
},
{
    "model": "gtareas.asignaciontarea",
    "pk": 40,
    "fields": {
        "usuario": 11,
        "tarea": 9,
        "observaciones": "Civil old anyone federal eat. Child writer firm piece. Go subject return record understand option.\nCommon daughter reality eye box those day. Ahead rock I new such.",
        "fecha_asignacion": "2002-04-14T07:49:12"
    }
},
{
    "model": "gtareas.asignaciontarea",
    "pk": 41,
    "fields": {
        "usuario": 9,
        "tarea": 7,
        "observaciones": "Sense its education anything. Letter mother probably newspaper live trouble lose. Hear decade sign seven.\nRoom hold season bed. Nice play let. Establish become positive quickly only.",
        "fecha_asignacion": "2022-12-26T05:03:40"
    }
},
{
    "model": "gtareas.asignaciontarea",
    "pk": 42,
    "fields": {
        "usuario": 8,
        "tarea": 13,
        "observaciones": "Including play visit dream follow result. Establish class choice return yourself. Simple perform effect even cause just rise.\nPlace though despite truth performance run we.",
        "fecha_asignacion": "1995-05-16T13:49:39"
    }
},
{
    "model": "gtareas.asignaciontarea",
    "pk": 43,
    "fields": {
        "usuario": 7,
        "tarea": 5,
        "observaciones": "Particularly myself rich production me bill answer. Exist dog many hope event. It continue conference instead.",
        "fecha_asignacion": "1971-04-11T03:46:59"
    }
},
{
    "model": "gtareas.asignaciontarea",
    "pk": 44,
    "fields": {
        "usuario": 9,
        "tarea": 6,
        "observaciones": "Outside political stock quite some sport something police. Standard build beyond person herself music.\nPersonal make catch law develop worry above. Out the key theory hold fish.",
        "fecha_asignacion": "2024-03-11T00:41:28"
    }
},
{
    "model": "gtareas.asignaciontarea",
    "pk": 45,
    "fields": {
        "usuario": 6,
        "tarea": 10,
        "observaciones": "Production artist write everyone performance education street. Camera thank total even space Mrs history.",
        "fecha_asignacion": "2011-05-10T22:14:51"
    }
},
{
    "model": "gtareas.asignaciontarea",
    "pk": 46,
    "fields": {
        "usuario": 9,
        "tarea": 7,
        "observaciones": "Imagine himself will rich color represent. According nor first cut.\nImage issue miss inside the bad land. Official government professional owner imagine measure. Home side now western a clearly full.",
        "fecha_asignacion": "1981-10-28T08:26:13"
    }
},
{
    "model": "gtareas.comentario",
    "pk": 1,
    "fields": {
        "autor": 9,
        "tarea": 15,
        "contenido": "Activity total significant evening level many. Draw order far thus can room. Recently season look between.\nRemain price thought heavy look never Mr. Wait trial level social ground beyond black.",
        "fecha_contenido": "1981-06-06T10:38:27"
    }
},
{
    "model": "gtareas.comentario",
    "pk": 2,
    "fields": {
        "autor": 13,
        "tarea": 1,
        "contenido": "Spring set for song effort national. Either evening mouth. Police cold pick candidate yard.",
        "fecha_contenido": "1970-10-03T08:13:46"
    }
},
{
    "model": "gtareas.comentario",
    "pk": 3,
    "fields": {
        "autor": 14,
        "tarea": 9,
        "contenido": "War protect amount traditional thousand. Cup campaign ok scene wife work. Situation usually enough image change whom attention.\nVery we little wonder. Fly possible leader pretty.",
        "fecha_contenido": "1999-07-06T06:06:08"
    }
},
{
    "model": "gtareas.comentario",
    "pk": 4,
    "fields": {
        "autor": 14,
        "tarea": 5,
        "contenido": "Its wide teacher list size writer certain. Outside generation man education.\nTeacher dog room. Plan hot seat until meet successful memory.\nMonth focus herself unit cup.",
        "fecha_contenido": "2012-06-17T00:10:12"
    }
},
{
    "model": "gtareas.comentario",
    "pk": 5,
    "fields": {
        "autor": 7,
        "tarea": 9,
        "contenido": "Couple pretty some street challenge interest family strong. Ground large whole event thousand nor break his.",
        "fecha_contenido": "1996-03-09T01:34:42"
    }
},
{
    "model": "gtareas.comentario",
    "pk": 6,
    "fields": {
        "autor": 6,
        "tarea": 11,
        "contenido": "It difference expert return. Finally thousand painting money citizen.\nWhere public reduce. Already us realize manage indeed control.\nStructure the director.",
        "fecha_contenido": "2003-07-01T17:22:09"
    }
},
{
    "model": "gtareas.comentario",
    "pk": 7,
    "fields": {
        "autor": 1,
        "tarea": 15,
        "contenido": "Heavy cup full want hope south step interest. Also treatment either wind nearly.",
        "fecha_contenido": "2009-05-09T22:00:16"
    }
},
{
    "model": "gtareas.comentario",
    "pk": 8,
    "fields": {
        "autor": 9,
        "tarea": 1,
        "contenido": "Show picture production perhaps system can trouble. Government Republican college throw director. Middle against yeah none break media.",
        "fecha_contenido": "2004-04-30T17:20:02"
    }
},
{
    "model": "gtareas.comentario",
    "pk": 9,
    "fields": {
        "autor": 10,
        "tarea": 4,
        "contenido": "Look despite beautiful type reveal less vote. Important him statement choose customer standard.\nTechnology listen television beautiful.",
        "fecha_contenido": "1979-10-19T01:03:44"
    }
},
{
    "model": "gtareas.comentario",
    "pk": 10,
    "fields": {
        "autor": 3,
        "tarea": 9,
        "contenido": "Population usually machine contain guess. Ball lot range. Occur shake design maintain poor herself claim.\nMeet cover court mention. Maybe truth report wrong live region also.",
        "fecha_contenido": "2021-07-16T04:00:32"
    }
},
{
    "model": "gtareas.comentario",
    "pk": 11,
    "fields": {
        "autor": 5,
        "tarea": 5,
        "contenido": "Old great push contain already nothing. Central but face low property phone. Determine treatment thus heavy occur their.\nSee health building own. Large scientist force focus who guess clear.",
        "fecha_contenido": "1984-12-11T13:47:17"
    }
},
{
    "model": "gtareas.comentario",
    "pk": 12,
    "fields": {
        "autor": 9,
        "tarea": 4,
        "contenido": "Mrs this never. Similar name often future little decide wind. Score finally onto almost military hope dark.\nMajor simple fast music others affect two. Performance kid head animal field step.",
        "fecha_contenido": "1978-06-28T02:27:40"
    }
},
{
    "model": "gtareas.comentario",
    "pk": 13,
    "fields": {
        "autor": 5,
        "tarea": 9,
        "contenido": "Future parent evidence generation great away open. Any whatever rest itself compare.",
        "fecha_contenido": "1976-07-29T08:20:48"
    }
},
{
    "model": "gtareas.comentario",
    "pk": 14,
    "fields": {
        "autor": 9,
        "tarea": 10,
        "contenido": "Lot approach life. Away what budget rich.\nSong decision lot coach office type. Same exist student team. Official television reduce over policy my both else.",
        "fecha_contenido": "1991-10-15T18:00:19"
    }
},
{
    "model": "gtareas.comentario",
    "pk": 15,
    "fields": {
        "autor": 3,
        "tarea": 3,
        "contenido": "Court poor right house movie. Next day difference pull. Rate grow really by child.",
        "fecha_contenido": "1980-11-08T11:45:51"
    }
}
]
