[
{
    "model": "auth.permission",
    "pk": 1,
    "fields": {
        "name": "Can add log entry",
        "content_type": 1,
        "codename": "add_logentry"
    }
},
{
    "model": "auth.permission",
    "pk": 2,
    "fields": {
        "name": "Can change log entry",
        "content_type": 1,
        "codename": "change_logentry"
    }
},
{
    "model": "auth.permission",
    "pk": 3,
    "fields": {
        "name": "Can delete log entry",
        "content_type": 1,
        "codename": "delete_logentry"
    }
},
{
    "model": "auth.permission",
    "pk": 4,
    "fields": {
        "name": "Can view log entry",
        "content_type": 1,
        "codename": "view_logentry"
    }
},
{
    "model": "auth.permission",
    "pk": 5,
    "fields": {
        "name": "Can add permission",
        "content_type": 2,
        "codename": "add_permission"
    }
},
{
    "model": "auth.permission",
    "pk": 6,
    "fields": {
        "name": "Can change permission",
        "content_type": 2,
        "codename": "change_permission"
    }
},
{
    "model": "auth.permission",
    "pk": 7,
    "fields": {
        "name": "Can delete permission",
        "content_type": 2,
        "codename": "delete_permission"
    }
},
{
    "model": "auth.permission",
    "pk": 8,
    "fields": {
        "name": "Can view permission",
        "content_type": 2,
        "codename": "view_permission"
    }
},
{
    "model": "auth.permission",
    "pk": 9,
    "fields": {
        "name": "Can add group",
        "content_type": 3,
        "codename": "add_group"
    }
},
{
    "model": "auth.permission",
    "pk": 10,
    "fields": {
        "name": "Can change group",
        "content_type": 3,
        "codename": "change_group"
    }
},
{
    "model": "auth.permission",
    "pk": 11,
    "fields": {
        "name": "Can delete group",
        "content_type": 3,
        "codename": "delete_group"
    }
},
{
    "model": "auth.permission",
    "pk": 12,
    "fields": {
        "name": "Can view group",
        "content_type": 3,
        "codename": "view_group"
    }
},
{
    "model": "auth.permission",
    "pk": 13,
    "fields": {
        "name": "Can add user",
        "content_type": 4,
        "codename": "add_user"
    }
},
{
    "model": "auth.permission",
    "pk": 14,
    "fields": {
        "name": "Can change user",
        "content_type": 4,
        "codename": "change_user"
    }
},
{
    "model": "auth.permission",
    "pk": 15,
    "fields": {
        "name": "Can delete user",
        "content_type": 4,
        "codename": "delete_user"
    }
},
{
    "model": "auth.permission",
    "pk": 16,
    "fields": {
        "name": "Can view user",
        "content_type": 4,
        "codename": "view_user"
    }
},
{
    "model": "auth.permission",
    "pk": 17,
    "fields": {
        "name": "Can add content type",
        "content_type": 5,
        "codename": "add_contenttype"
    }
},
{
    "model": "auth.permission",
    "pk": 18,
    "fields": {
        "name": "Can change content type",
        "content_type": 5,
        "codename": "change_contenttype"
    }
},
{
    "model": "auth.permission",
    "pk": 19,
    "fields": {
        "name": "Can delete content type",
        "content_type": 5,
        "codename": "delete_contenttype"
    }
},
{
    "model": "auth.permission",
    "pk": 20,
    "fields": {
        "name": "Can view content type",
        "content_type": 5,
        "codename": "view_contenttype"
    }
},
{
    "model": "auth.permission",
    "pk": 21,
    "fields": {
        "name": "Can add session",
        "content_type": 6,
        "codename": "add_session"
    }
},
{
    "model": "auth.permission",
    "pk": 22,
    "fields": {
        "name": "Can change session",
        "content_type": 6,
        "codename": "change_session"
    }
},
{
    "model": "auth.permission",
    "pk": 23,
    "fields": {
        "name": "Can delete session",
        "content_type": 6,
        "codename": "delete_session"
    }
},
{
    "model": "auth.permission",
    "pk": 24,
    "fields": {
        "name": "Can view session",
        "content_type": 6,
        "codename": "view_session"
    }
},
{
    "model": "auth.permission",
    "pk": 25,
    "fields": {
        "name": "Can add tarea",
        "content_type": 7,
        "codename": "add_tarea"
    }
},
{
    "model": "auth.permission",
    "pk": 26,
    "fields": {
        "name": "Can change tarea",
        "content_type": 7,
        "codename": "change_tarea"
    }
},
{
    "model": "auth.permission",
    "pk": 27,
    "fields": {
        "name": "Can delete tarea",
        "content_type": 7,
        "codename": "delete_tarea"
    }
},
{
    "model": "auth.permission",
    "pk": 28,
    "fields": {
        "name": "Can view tarea",
        "content_type": 7,
        "codename": "view_tarea"
    }
},
{
    "model": "auth.permission",
    "pk": 29,
    "fields": {
        "name": "Can add usuario",
        "content_type": 8,
        "codename": "add_usuario"
    }
},
{
    "model": "auth.permission",
    "pk": 30,
    "fields": {
        "name": "Can change usuario",
        "content_type": 8,
        "codename": "change_usuario"
    }
},
{
    "model": "auth.permission",
    "pk": 31,
    "fields": {
        "name": "Can delete usuario",
        "content_type": 8,
        "codename": "delete_usuario"
    }
},
{
    "model": "auth.permission",
    "pk": 32,
    "fields": {
        "name": "Can view usuario",
        "content_type": 8,
        "codename": "view_usuario"
    }
},
{
    "model": "auth.permission",
    "pk": 33,
    "fields": {
        "name": "Can add etiqueta",
        "content_type": 9,
        "codename": "add_etiqueta"
    }
},
{
    "model": "auth.permission",
    "pk": 34,
    "fields": {
        "name": "Can change etiqueta",
        "content_type": 9,
        "codename": "change_etiqueta"
    }
},
{
    "model": "auth.permission",
    "pk": 35,
    "fields": {
        "name": "Can delete etiqueta",
        "content_type": 9,
        "codename": "delete_etiqueta"
    }
},
{
    "model": "auth.permission",
    "pk": 36,
    "fields": {
        "name": "Can view etiqueta",
        "content_type": 9,
        "codename": "view_etiqueta"
    }
},
{
    "model": "auth.permission",
    "pk": 37,
    "fields": {
        "name": "Can add proyecto",
        "content_type": 10,
        "codename": "add_proyecto"
    }
},
{
    "model": "auth.permission",
    "pk": 38,
    "fields": {
        "name": "Can change proyecto",
        "content_type": 10,
        "codename": "change_proyecto"
    }
},
{
    "model": "auth.permission",
    "pk": 39,
    "fields": {
        "name": "Can delete proyecto",
        "content_type": 10,
        "codename": "delete_proyecto"
    }
},
{
    "model": "auth.permission",
    "pk": 40,
    "fields": {
        "name": "Can view proyecto",
        "content_type": 10,
        "codename": "view_proyecto"
    }
},
{
    "model": "auth.permission",
    "pk": 41,
    "fields": {
        "name": "Can add comentario",
        "content_type": 11,
        "codename": "add_comentario"
    }
},
{
    "model": "auth.permission",
    "pk": 42,
    "fields": {
        "name": "Can change comentario",
        "content_type": 11,
        "codename": "change_comentario"
    }
},
{
    "model": "auth.permission",
    "pk": 43,
    "fields": {
        "name": "Can delete comentario",
        "content_type": 11,
        "codename": "delete_comentario"
    }
},
{
    "model": "auth.permission",
    "pk": 44,
    "fields": {
        "name": "Can view comentario",
        "content_type": 11,
        "codename": "view_comentario"
    }
},
{
    "model": "auth.permission",
    "pk": 45,
    "fields": {
        "name": "Can add asignacion tarea",
        "content_type": 12,
        "codename": "add_asignaciontarea"
    }
},
{
    "model": "auth.permission",
    "pk": 46,
    "fields": {
        "name": "Can change asignacion tarea",
        "content_type": 12,
        "codename": "change_asignaciontarea"
    }
},
{
    "model": "auth.permission",
    "pk": 47,
    "fields": {
        "name": "Can delete asignacion tarea",
        "content_type": 12,
        "codename": "delete_asignaciontarea"
    }
},
{
    "model": "auth.permission",
    "pk": 48,
    "fields": {
        "name": "Can view asignacion tarea",
        "content_type": 12,
        "codename": "view_asignaciontarea"
    }
},
{
    "model": "contenttypes.contenttype",
    "pk": 1,
    "fields": {
        "app_label": "admin",
        "model": "logentry"
    }
},
{
    "model": "contenttypes.contenttype",
    "pk": 2,
    "fields": {
        "app_label": "auth",
        "model": "permission"
    }
},
{
    "model": "contenttypes.contenttype",
    "pk": 3,
    "fields": {
        "app_label": "auth",
        "model": "group"
    }
},
{
    "model": "contenttypes.contenttype",
    "pk": 4,
    "fields": {
        "app_label": "auth",
        "model": "user"
    }
},
{
    "model": "contenttypes.contenttype",
    "pk": 5,
    "fields": {
        "app_label": "contenttypes",
        "model": "contenttype"
    }
},
{
    "model": "contenttypes.contenttype",
    "pk": 6,
    "fields": {
        "app_label": "sessions",
        "model": "session"
    }
},
{
    "model": "contenttypes.contenttype",
    "pk": 7,
    "fields": {
        "app_label": "gtareas",
        "model": "tarea"
    }
},
{
    "model": "contenttypes.contenttype",
    "pk": 8,
    "fields": {
        "app_label": "gtareas",
        "model": "usuario"
    }
},
{
    "model": "contenttypes.contenttype",
    "pk": 9,
    "fields": {
        "app_label": "gtareas",
        "model": "etiqueta"
    }
},
{
    "model": "contenttypes.contenttype",
    "pk": 10,
    "fields": {
        "app_label": "gtareas",
        "model": "proyecto"
    }
},
{
    "model": "contenttypes.contenttype",
    "pk": 11,
    "fields": {
        "app_label": "gtareas",
        "model": "comentario"
    }
},
{
    "model": "contenttypes.contenttype",
    "pk": 12,
    "fields": {
        "app_label": "gtareas",
        "model": "asignaciontarea"
    }
},
{
    "model": "gtareas.usuario",
    "pk": 1,
    "fields": {
        "nombre": "Her decade major purpose unit attorney main. Glass nice school in.\nWindow campaign forward couple return. Evening able draw central cause. Just next director continue.",
        "correo_electronico": "Painting live mother bring. Accept understand check south. Training pull describe cup.\nAnything or so grow. Skill statement agent exist political decision only fly.",
        "contraseña": "Three model become consider approach particular every. Station when old. Trouble sea recognize.\nModern allow professional professional car. Family of article guy area. Participant fear make.",
        "fecha_registro": "1994-09-02T06:57:33.305"
    }
},
{
    "model": "gtareas.usuario",
    "pk": 2,
    "fields": {
        "nombre": "Her final send ready because too. Population continue local.\nSerious give good message wear much religious. East baby eat true world evening.",
        "correo_electronico": "Process fall range audience shoulder. Fund score character picture prevent personal.\nArm agent before best church.\nShort join answer local maybe recently seat. Behind article start guess.",
        "contraseña": "Republican we green worker. Worker simple book.\nNew soon if ask value behavior seat record. Just even century order themselves attack street. Improve stuff tonight.",
        "fecha_registro": "2021-03-13T01:44:59.316"
    }
},
{
    "model": "gtareas.usuario",
    "pk": 3,
    "fields": {
        "nombre": "Possible activity meeting. Matter film small fall pay small.\nCold those he. Door alone establish fish company south.",
        "correo_electronico": "Me weight service response. Key risk determine central.\nReligious beyond inside spend. Detail away course produce development.\nCoach allow from center item quite. Key recognize foreign hour soldier.",
        "contraseña": "Nation remain apply month truth section. Picture our family trial both better grow. Far nothing a final shoulder production.",
        "fecha_registro": "2017-12-16T10:40:25.191"
    }
},
{
    "model": "gtareas.usuario",
    "pk": 4,
    "fields": {
        "nombre": "At this individual particularly.\nReally describe late. Above hear expect political well Mr.",
        "correo_electronico": "Fight strong everybody he. Go me see describe concern create.\nSense you capital decide old. Fish arrive determine.",
        "contraseña": "Consider law improve around cell tonight. Image represent rather voice hold type force.\nHowever report office writer stage. Discuss under that country. Born both reality peace citizen establish.",
        "fecha_registro": "2016-05-09T08:50:59.776"
    }
},
{
    "model": "gtareas.usuario",
    "pk": 5,
    "fields": {
        "nombre": "Institution man true investment short. Seem democratic model final house serve. Window successful start know who.\nBudget wife up shoulder chair. Small east group resource own.",
        "correo_electronico": "Not where foreign who later capital fly. Wide choice while member girl.\nTheory new school ground maintain. Compare as history. Policy agency subject decide health sometimes describe.",
        "contraseña": "Probably pull accept bed learn hit yourself. Oil remain travel involve well heart war.\nCharge knowledge report down discuss little. Record total fish system region simple dark girl.",
        "fecha_registro": "2015-05-06T16:12:48.497"
    }
},
{
    "model": "gtareas.usuario",
    "pk": 6,
    "fields": {
        "nombre": "Could big treatment rich range. Employee stuff range article civil oil enough. Speak senior method determine south.\nReveal nice first especially time themselves. Easy person song around.",
        "correo_electronico": "Black sound federal bank. Follow life exactly difference rock give radio.",
        "contraseña": "Party save thing must relate.\nBenefit office firm shoulder about great. Order investment clear impact. Throw side mind.\nFull power professor property year. Federal food remain race energy.",
        "fecha_registro": "1984-10-05T10:03:00.018"
    }
},
{
    "model": "gtareas.usuario",
    "pk": 7,
    "fields": {
        "nombre": "Interview reduce smile feel participant building part. Score resource example carry true coach visit.\nFirm clear picture site. Upon side really next certainly walk.",
        "correo_electronico": "Culture call someone mother him success. Goal toward condition consumer not. Himself community million wall usually exactly.\nUp radio these kind value for series.",
        "contraseña": "Approach look general daughter professor. Anyone reveal available road perhaps control never. Happen provide find fund place.",
        "fecha_registro": "2009-03-07T23:15:12.687"
    }
},
{
    "model": "gtareas.usuario",
    "pk": 8,
    "fields": {
        "nombre": "Particular imagine career eye three resource seem. Attorney too summer image yes pressure set big.",
        "correo_electronico": "Rule market own single effect. Cause responsibility other note data.\nHuman lawyer thus piece property throw shoulder development. Media reduce I themselves blood east.",
        "contraseña": "Point daughter set news offer take hour. Artist floor job force spring though stay occur. Real hot once degree six present.",
        "fecha_registro": "2002-07-22T17:15:21.252"
    }
},
{
    "model": "gtareas.usuario",
    "pk": 9,
    "fields": {
        "nombre": "Group international peace follow happen suggest past.\nExactly speech understand goal ready do still whole. Present air until.\nExample since not reflect. Reach necessary surface check one his.",
        "correo_electronico": "Wide third nation woman.\nValue success specific those hard. Agree break the deal.\nRun indeed professor need. Others commercial some sort office bad. Source next yet husband military director.",
        "contraseña": "Hot wear second foreign. Wide yourself decision.\nLater arm structure determine film follow. Can too community example successful grow bar.",
        "fecha_registro": "1989-01-21T13:44:48.963"
    }
},
{
    "model": "gtareas.usuario",
    "pk": 10,
    "fields": {
        "nombre": "Television window gun painting hold alone perhaps. Region subject everything social purpose similar pattern pull. Company ask your similar mean.",
        "correo_electronico": "Rock weight nice behind. Herself natural share their stay want. Article exist paper employee.\nOne environmental account. Beautiful treatment phone listen. Attack cell defense lose anything cup.",
        "contraseña": "Education live single way evening organization trip stage. Risk people effect population suffer organization particularly. Change stop throughout.",
        "fecha_registro": "2002-11-27T08:59:22.033"
    }
},
{
    "model": "gtareas.usuario",
    "pk": 11,
    "fields": {
        "nombre": "Office item last art onto article last list. Once population your dinner deal start itself.\nSmile fine them who arm. Design seat wait security example. New yeah human check month already night team.",
        "correo_electronico": "Home woman sing throughout degree test look traditional. Significant suddenly decide cut upon. Condition history guess fact line bad left.\nOne air write game.",
        "contraseña": "Difficult everyone score vote bag film. Expect gun military black.\nPolice argue approach night.",
        "fecha_registro": "2002-10-04T08:01:55.059"
    }
},
{
    "model": "gtareas.usuario",
    "pk": 12,
    "fields": {
        "nombre": "Real positive surface yet gas.\nTotal writer save officer role wife could. Culture prevent allow require final. Student company fire marriage end ability.\nClear watch over local.",
        "correo_electronico": "Partner behind spring stay. Trouble care spend on put. Early example blood black quality.",
        "contraseña": "Day country color writer trouble pull. Manage likely how hair lead.\nGovernment drop attorney floor size test.",
        "fecha_registro": "1984-07-17T12:01:16.183"
    }
},
{
    "model": "gtareas.usuario",
    "pk": 13,
    "fields": {
        "nombre": "Marriage nearly activity. Treatment purpose name white star.\nJust site customer different.\nPerhaps group bed leader per peace call. Concern ground and serious east true ground assume.",
        "correo_electronico": "Candidate letter factor capital man education tend. Few important field Republican detail century.\nTonight military money word. Reflect their seem tough three.",
        "contraseña": "Writer always newspaper third decide free fact. Structure sister to next firm PM. Foreign by term water worker stuff bit.\nAllow off for painting property.",
        "fecha_registro": "2003-02-27T15:45:22.825"
    }
},
{
    "model": "gtareas.usuario",
    "pk": 14,
    "fields": {
        "nombre": "Subject food become ready admit rate. Director here here white end write. Early kid science.",
        "correo_electronico": "Fine card but line spring population by understand. Exactly least special happen summer dark.\nFour trouble hear parent region leave. Control worry feel break pull himself player. Major white range.",
        "contraseña": "Thing watch start anything others. Left past radio matter little little why hold. Job hope site performance weight treatment.\nDiscover performance our system. Stage spring again laugh.",
        "fecha_registro": "1976-04-08T00:34:38.248"
    }
},
{
    "model": "gtareas.usuario",
    "pk": 15,
    "fields": {
        "nombre": "Agent thousand base recognize democratic dog. Memory color next current relate brother story. Sea beautiful contain. Tend international last understand million.",
        "correo_electronico": "Nor human expert choose. Want agency specific fly response. Situation ball place move know.\nType memory we view against enter team. Sign like near rule nothing among remember environmental.",
        "contraseña": "Middle wind dark second allow necessary.\nSingle glass travel nor realize while. Service begin agency born major. Detail sound offer.",
        "fecha_registro": "2002-12-19T23:47:25.068"
    }
},
{
    "model": "gtareas.usuario",
    "pk": 16,
    "fields": {
        "nombre": "Analysis ball benefit should piece someone. White become me machine attorney.\nLevel away price foreign stop. There stuff next money every positive food.",
        "correo_electronico": "Tend everybody hundred serve seek animal week late. Wonder worry ball. Instead decade wind whom industry.\nValue apply subject her me reason. Key fight customer wonder window.",
        "contraseña": "Also door all pattern camera.\nProfessor again necessary represent type after. First skill best peace. Enter science receive wrong common.",
        "fecha_registro": "2014-07-12T22:27:33.812"
    }
},
{
    "model": "gtareas.usuario",
    "pk": 17,
    "fields": {
        "nombre": "World kitchen fact administration allow lose could. Than prove price discover ask response. Six single evidence participant although.",
        "correo_electronico": "Agree college town real give concern. Possible analysis discuss evening simply little responsibility eat. If argue gas center left partner.\nEstablish method while help. Letter star nice edge.",
        "contraseña": "To wrong traditional lawyer.\nEven among letter quality after use college. Response various you station both. Walk run clear research herself history.",
        "fecha_registro": "1978-12-23T15:30:40.718"
    }
},
{
    "model": "gtareas.usuario",
    "pk": 18,
    "fields": {
        "nombre": "Include situation behind old carry bill safe. Model movement education.\nEye window about message. Understand trial collection article. Southern report hand soon.",
        "correo_electronico": "Official occur agreement public. Or lay upon mission listen.\nPositive player fact first morning. Everybody test daughter relate.",
        "contraseña": "Report surface court person. Keep consider could ever knowledge account establish bed.\nDetail gun process head decision he similar. Six paper industry memory religious itself offer.",
        "fecha_registro": "2001-08-29T05:38:25.615"
    }
},
{
    "model": "gtareas.usuario",
    "pk": 19,
    "fields": {
        "nombre": "Claim own popular get career drive teacher first. Easy art understand compare. Time important my reflect.\nEstablish themselves paper. Adult activity happen day fine.",
        "correo_electronico": "Create forget anything follow scene.\nInside physical claim theory practice support. Business establish left treat particular open red. Camera great give tree during property attack.",
        "contraseña": "Message watch ten reveal. Nature oil society away find well add. Attack over project produce administration growth describe.",
        "fecha_registro": "2005-02-20T21:46:20.130"
    }
},
{
    "model": "gtareas.usuario",
    "pk": 20,
    "fields": {
        "nombre": "Civil must physical interest local always. Drop drug news another.",
        "correo_electronico": "Throughout break book.\nWe add next place machine deep one.\nWhatever town phone Mrs go. What pay and later try.\nTax important four subject read cup rock. Specific police without though tough.",
        "contraseña": "Large lose blood threat look institution.\nCut model nothing.\nMajority writer town radio gun. Large cover surface model trial student voice.",
        "fecha_registro": "2010-11-05T04:46:28.917"
    }
},
{
    "model": "gtareas.usuario",
    "pk": 21,
    "fields": {
        "nombre": "Foreign this investment amount day pressure just everything. Capital prove second east true Mrs item.",
        "correo_electronico": "Together like hospital certainly born. Away wish event cold black picture write security. Hard you yourself imagine. Finally material reality join.\nStep measure bed strategy include agree seat.",
        "contraseña": "Can study worry arrive. Born identify miss relate. Huge citizen quickly rather situation different half.",
        "fecha_registro": "2007-01-19T04:25:06.837"
    }
},
{
    "model": "gtareas.usuario",
    "pk": 22,
    "fields": {
        "nombre": "Speech scientist soon as community former back pay. Region modern long.\nFeeling treatment who when growth election toward.",
        "correo_electronico": "According middle trial certain. Particular able back message nothing serve. Culture relationship might.\nPhone matter future push. Economic theory water door size.",
        "contraseña": "Field land your why do. Apply across either admit road despite.\nHead half result respond responsibility. Several care low final study contain low. Beyond face power long shoulder area talk talk.",
        "fecha_registro": "2007-02-07T01:33:40.990"
    }
},
{
    "model": "gtareas.usuario",
    "pk": 23,
    "fields": {
        "nombre": "Democrat worker result sell loss. Successful daughter personal. Subject open goal make teacher institution.",
        "correo_electronico": "Full letter page old scientist. Fall you pull other fly someone trip. Them partner break black ever car gas collection.",
        "contraseña": "Attorney soon then him. However best training guy work. However already they point summer.\nHear bit country similar part understand. Natural water left part understand such trial.",
        "fecha_registro": "2015-04-20T01:18:02.576"
    }
},
{
    "model": "gtareas.usuario",
    "pk": 24,
    "fields": {
        "nombre": "Camera local experience senior record.\nRed pattern Democrat rock organization there. Onto good available land sign tree. Can green weight community.",
        "correo_electronico": "Material stand simply future save. Main special institution light. Energy focus student thus.\nEconomy meeting maybe collection together so table.",
        "contraseña": "Explain name entire different last may fire. Speech customer player national. Figure truth among list either where my. Pattern into cost him.",
        "fecha_registro": "1991-02-10T08:11:43.685"
    }
},
{
    "model": "gtareas.usuario",
    "pk": 25,
    "fields": {
        "nombre": "Group bag industry easy task. Detail investment section cup.\nTree learn nation answer politics. Home which whatever draw choose yes. Cultural character here song.",
        "correo_electronico": "Yard society with begin dog just. Make doctor fly life try itself like. Get allow have best.",
        "contraseña": "Either score suffer board movie.\nSeason certainly poor force employee note various. Candidate energy amount movie option.",
        "fecha_registro": "1973-09-23T00:34:45.386"
    }
},
{
    "model": "gtareas.usuario",
    "pk": 26,
    "fields": {
        "nombre": "Still character talk form land establish protect sign. Need artist deep bill democratic. Me many kind too. Third less area stand usually fund.",
        "correo_electronico": "Else however skin think cut discussion. Individual always degree quality science make.\nDirector traditional though among act. Population picture prevent common trade across concern animal.",
        "contraseña": "Fly which election need check read have. Five order be seek boy TV.\nDraw tax last bad middle home clear. Democrat third challenge we heart affect.",
        "fecha_registro": "2023-01-30T16:28:29.686"
    }
},
{
    "model": "gtareas.usuario",
    "pk": 27,
    "fields": {
        "nombre": "Blood mind stock race bar voice. Conference executive property.\nInternational difference person. Rate hold soon beat often. Later guy something meet.",
        "correo_electronico": "Start student firm move street in. Member run operation report mouth his well. Hope anyone and low quickly.\nShe knowledge admit claim. Mouth door class can.",
        "contraseña": "Front article hold wife involve person. Sure TV act letter clear central agent responsibility. Behavior very environment reveal either wait. Amount when gas prevent.",
        "fecha_registro": "1976-05-19T10:06:44.974"
    }
},
{
    "model": "gtareas.usuario",
    "pk": 28,
    "fields": {
        "nombre": "Unit make attack any. Chance cold clear his move issue school identify.\nElse national be realize ball. Several financial customer on sister either.",
        "correo_electronico": "Right require pay. Have charge determine owner require the allow. Instead already or there successful.",
        "contraseña": "Debate within dark American student century. Practice answer American almost event our skin.\nBe matter remain left tell even. Pressure fact including word letter. Second bill song prevent.",
        "fecha_registro": "1975-06-27T19:08:34.474"
    }
},
{
    "model": "gtareas.usuario",
    "pk": 29,
    "fields": {
        "nombre": "However may man catch back. Our tonight day. Thought human population themselves.",
        "correo_electronico": "Wide glass from woman office research establish evidence. Reason better none unit method rock. Check student need office population hope.",
        "contraseña": "Great store individual there all. Security teach marriage service. Value dog special name lawyer.",
        "fecha_registro": "2022-04-18T16:47:09.547"
    }
},
{
    "model": "gtareas.usuario",
    "pk": 30,
    "fields": {
        "nombre": "Mr way risk radio. Meet finally help decision.\nThese threat far unit. Level interest drive add article story system.\nProvide wait sea Congress. Avoid natural east push edge list coach.",
        "correo_electronico": "Vote game choose billion however learn. Professional music threat guy recent might director. Before eat create. Certain real glass animal.",
        "contraseña": "Character design when forget ok on travel cell. Page put understand foot close strong. True executive play participant his half finish.",
        "fecha_registro": "1978-05-28T12:02:11.508"
    }
},
{
    "model": "gtareas.tarea",
    "pk": 1,
    "fields": {
        "titulo": "Physical southern pass president left dinner. Hard that seem me reflect. Trade tough detail join pick.",
        "descripcion": "Politics push capital check. Seem response seem food. Instead civil former me major.\nFather catch sense true. Thought chance seven sort pull above find produce.",
        "prioridad": -527,
        "estado": "Pendiente",
        "completada": false,
        "fecha_creacion": "2024-10-10",
        "hora_vencimiento": "17:20:23",
        "usuario": 2
    }
},
{
    "model": "gtareas.tarea",
    "pk": 2,
    "fields": {
        "titulo": "Street under or energy. Your can summer teacher find. Own strategy word run order nation.",
        "descripcion": "Conference customer everybody identify central bed growth. Behind six power likely where have particular red. But ball available new say explain.",
        "prioridad": -12548,
        "estado": "Pendiente",
        "completada": true,
        "fecha_creacion": "2024-10-10",
        "hora_vencimiento": "21:26:09",
        "usuario": 30
    }
},
{
    "model": "gtareas.tarea",
    "pk": 3,
    "fields": {
        "titulo": "Speech type as site. Stage truth network reveal.\nThen skill call nice bar. Own detail require weight.",
        "descripcion": "Fine building old. Carry certainly former bed information. Animal Mr social war.\nFor commercial exist shake war decision. Next model style management leader.",
        "prioridad": 29311,
        "estado": "Pendiente",
        "completada": false,
        "fecha_creacion": "2024-10-10",
        "hora_vencimiento": "13:35:14",
        "usuario": 8
    }
},
{
    "model": "gtareas.tarea",
    "pk": 4,
    "fields": {
        "titulo": "Issue operation view leader. Painting language girl total perhaps today big. Garden when rate local idea author law.",
        "descripcion": "Ten mind idea. School camera senior score number mother whom sort. Where able evening her arrive. Physical send pull scientist class should break.",
        "prioridad": -18806,
        "estado": "Pendiente",
        "completada": false,
        "fecha_creacion": "2024-10-10",
        "hora_vencimiento": "17:02:56",
        "usuario": 30
    }
},
{
    "model": "gtareas.tarea",
    "pk": 5,
    "fields": {
        "titulo": "Election no expert up. Modern network policy risk. Improve picture player assume race.\nGame attention second. Another fly account court begin.",
        "descripcion": "Another defense skill back stand wall. Environmental face modern whether radio.\nShare rise age big future character bed. Arm control begin see yes military term.",
        "prioridad": -6357,
        "estado": "Pendiente",
        "completada": true,
        "fecha_creacion": "2024-10-10",
        "hora_vencimiento": "04:21:20",
        "usuario": 3
    }
},
{
    "model": "gtareas.tarea",
    "pk": 6,
    "fields": {
        "titulo": "Arm society price affect. Send report carry prepare fine.\nIf state have much less federal subject other. Tonight edge right skill specific. Maintain first stage institution coach operation expect.",
        "descripcion": "Very tell for five. Whether hit cultural seat attorney idea away. Movement accept now goal learn success against.\nCup one kitchen.",
        "prioridad": -25617,
        "estado": "Pendiente",
        "completada": true,
        "fecha_creacion": "2024-10-10",
        "hora_vencimiento": "08:06:44",
        "usuario": 15
    }
},
{
    "model": "gtareas.tarea",
    "pk": 7,
    "fields": {
        "titulo": "Stand fund our interview book activity. Particular hour kitchen.\nSuccess analysis commercial never continue conference. Stuff table something despite win generation training.",
        "descripcion": "Cultural alone simply. True million son get. Friend the school woman half.\nNeed thousand key. Happy hundred fear.",
        "prioridad": -23961,
        "estado": "Pendiente",
        "completada": true,
        "fecha_creacion": "2024-10-10",
        "hora_vencimiento": "16:33:07",
        "usuario": 3
    }
},
{
    "model": "gtareas.tarea",
    "pk": 8,
    "fields": {
        "titulo": "Range hair miss threat newspaper get. Look entire not us easy store receive health. Music nature wind old however.",
        "descripcion": "Seem down baby late partner everybody. Relationship information decision prove arrive less. Provide easy help name send value shake hard.",
        "prioridad": -2556,
        "estado": "Pendiente",
        "completada": false,
        "fecha_creacion": "2024-10-10",
        "hora_vencimiento": "19:23:44",
        "usuario": 27
    }
},
{
    "model": "gtareas.tarea",
    "pk": 9,
    "fields": {
        "titulo": "Sort call kid figure PM nice. East hard pass name will read goal. Truth beautiful glass order cover process.\nCountry see interview drop. Play American work another.",
        "descripcion": "Alone sometimes network anyone senior by although. Call after establish try. Quite official tend behavior exactly something half. Dinner between whatever describe own someone.",
        "prioridad": -14182,
        "estado": "Pendiente",
        "completada": false,
        "fecha_creacion": "2024-10-10",
        "hora_vencimiento": "19:48:10",
        "usuario": 9
    }
},
{
    "model": "gtareas.tarea",
    "pk": 10,
    "fields": {
        "titulo": "Another lose spring face together father loss. Require say eat likely participant or statement. Everybody life although as political reach follow.",
        "descripcion": "Sister continue strategy read edge fly. Poor town land. Share similar call become small method international.\nControl sort miss. Ever civil reality walk election matter. Student learn single glass.",
        "prioridad": -31349,
        "estado": "Pendiente",
        "completada": false,
        "fecha_creacion": "2024-10-10",
        "hora_vencimiento": "19:21:52",
        "usuario": 26
    }
},
{
    "model": "gtareas.tarea",
    "pk": 11,
    "fields": {
        "titulo": "Interest movie fine recently each. Only husband day deep world.\nNature no point get place road meet. Right new four entire car pull several once.",
        "descripcion": "Memory nothing choice consider. Stop important suddenly serve that. Break nothing none minute.",
        "prioridad": -18697,
        "estado": "Pendiente",
        "completada": true,
        "fecha_creacion": "2024-10-10",
        "hora_vencimiento": "23:55:47",
        "usuario": 13
    }
},
{
    "model": "gtareas.tarea",
    "pk": 12,
    "fields": {
        "titulo": "Product hand theory adult. Long piece while account marriage stand chair.\nAhead beyond center effort. Meeting bar hard dog. Image mouth doctor.",
        "descripcion": "Million box true coach meet. Thank thing say among eat line.\nEasy surface hope meet happy send author light. Move run star newspaper home system less.",
        "prioridad": -27078,
        "estado": "Pendiente",
        "completada": false,
        "fecha_creacion": "2024-10-10",
        "hora_vencimiento": "20:42:37",
        "usuario": 20
    }
},
{
    "model": "gtareas.tarea",
    "pk": 13,
    "fields": {
        "titulo": "Life from dark adult size style. Ago available on up. Share can half career heavy discuss our. Style blue provide become adult political.",
        "descripcion": "Important effort letter. Process a young management.\nAmerican late college trip. Low production stop idea.\nAlone resource serve relate trade hold. One of success. Official throw bit help.",
        "prioridad": 9098,
        "estado": "Pendiente",
        "completada": false,
        "fecha_creacion": "2024-10-10",
        "hora_vencimiento": "02:16:35",
        "usuario": 6
    }
},
{
    "model": "gtareas.tarea",
    "pk": 14,
    "fields": {
        "titulo": "There whether card fire southern Mr knowledge. Help if social movie hear help billion win. Common sign situation reduce term long.",
        "descripcion": "Physical nor moment economic. Bank deal budget huge receive should poor. Hair religious majority discussion size relationship.",
        "prioridad": 29933,
        "estado": "Pendiente",
        "completada": true,
        "fecha_creacion": "2024-10-10",
        "hora_vencimiento": "14:55:18",
        "usuario": 1
    }
},
{
    "model": "gtareas.tarea",
    "pk": 15,
    "fields": {
        "titulo": "Bag production financial expect.\nSense science finally surface international. Process score finish another whether strategy. Next help suddenly last enter leave.",
        "descripcion": "Decade three owner less economic lot future. Majority try technology watch raise director base campaign.",
        "prioridad": 19827,
        "estado": "Pendiente",
        "completada": false,
        "fecha_creacion": "2024-10-10",
        "hora_vencimiento": "23:46:52",
        "usuario": 26
    }
},
{
    "model": "gtareas.tarea",
    "pk": 16,
    "fields": {
        "titulo": "Close little test yeah they I good. Former company her especially close official.\nWeek technology experience parent increase. Skin report policy heavy far recent. Significant everybody course.",
        "descripcion": "Woman Mrs score debate. Lawyer accept together form imagine hot.\nLight whose over.",
        "prioridad": 9046,
        "estado": "Pendiente",
        "completada": true,
        "fecha_creacion": "2024-10-10",
        "hora_vencimiento": "04:18:54",
        "usuario": 27
    }
},
{
    "model": "gtareas.tarea",
    "pk": 17,
    "fields": {
        "titulo": "To total seven experience page. Able news area case quality.\nEnjoy discover turn sometimes charge add avoid night. Tend gas thing year station.\nArgue audience bad option research keep.",
        "descripcion": "Process political should work. Service pay ahead identify. Market low important hit threat street hotel.\nChild down dream. Owner money understand administration. Popular his line moment teach wrong.",
        "prioridad": -23102,
        "estado": "Pendiente",
        "completada": true,
        "fecha_creacion": "2024-10-10",
        "hora_vencimiento": "03:47:21",
        "usuario": 30
    }
},
{
    "model": "gtareas.tarea",
    "pk": 18,
    "fields": {
        "titulo": "Nation remain state experience break size suddenly. Quite while federal short ready project western.\nPick travel risk development conference agree chair. Dark when piece evening others cold.",
        "descripcion": "World usually conference her. Within better role available bring I. Her two speech factor hope.\nEverybody hit fill total different. Late form assume fear decade east.",
        "prioridad": 7897,
        "estado": "Pendiente",
        "completada": true,
        "fecha_creacion": "2024-10-10",
        "hora_vencimiento": "03:23:55",
        "usuario": 17
    }
},
{
    "model": "gtareas.tarea",
    "pk": 19,
    "fields": {
        "titulo": "Way anyone change site operation Mrs. Control effect but indicate sure. Reach wish fly hit general catch onto.",
        "descripcion": "Night whom report open lay budget shake or. Hand not machine show become beat total. Assume medical tonight today analysis administration trial.",
        "prioridad": 19210,
        "estado": "Pendiente",
        "completada": true,
        "fecha_creacion": "2024-10-10",
        "hora_vencimiento": "05:06:49",
        "usuario": 28
    }
},
{
    "model": "gtareas.tarea",
    "pk": 20,
    "fields": {
        "titulo": "Through prove defense else computer. Close require wall people color tree among.\nFear including policy Mr. Total them statement movie around use.",
        "descripcion": "Believe middle end blood. Type language fine argue professor.\nWrong building generation tax up. How stop common main central. Skin future bill interview.",
        "prioridad": 17585,
        "estado": "Pendiente",
        "completada": true,
        "fecha_creacion": "2024-10-10",
        "hora_vencimiento": "13:30:51",
        "usuario": 18
    }
},
{
    "model": "gtareas.tarea",
    "pk": 21,
    "fields": {
        "titulo": "Ahead sell sure yourself high begin recognize. Head two child including window might.",
        "descripcion": "Wide million north program physical seem majority represent. Source later they according.\nLanguage Mr at hour read loss. Reach dream their read money whether need. Trip interesting relate door site.",
        "prioridad": 7924,
        "estado": "Pendiente",
        "completada": true,
        "fecha_creacion": "2024-10-10",
        "hora_vencimiento": "18:54:20",
        "usuario": 20
    }
},
{
    "model": "gtareas.tarea",
    "pk": 22,
    "fields": {
        "titulo": "Price family best similar less. Strategy least budget throw. Subject claim buy pass special chair really. Quality reduce thank sure off form growth.",
        "descripcion": "Give add consider light. Lawyer when require. Black sit stay cut road smile.\nAbout boy more identify goal administration fly customer. Write hard truth interview open democratic side meeting.",
        "prioridad": -15617,
        "estado": "Pendiente",
        "completada": true,
        "fecha_creacion": "2024-10-10",
        "hora_vencimiento": "14:15:14",
        "usuario": 14
    }
},
{
    "model": "gtareas.tarea",
    "pk": 23,
    "fields": {
        "titulo": "Analysis short bit really skill least window.\nWish continue respond hospital glass stay. Writer onto authority child society.",
        "descripcion": "According those food minute order population. Federal scene want government. Skin front between rock able security.\nAvailable research happy method building side past. Apply investment also give.",
        "prioridad": 18700,
        "estado": "Pendiente",
        "completada": false,
        "fecha_creacion": "2024-10-10",
        "hora_vencimiento": "00:36:21",
        "usuario": 28
    }
},
{
    "model": "gtareas.tarea",
    "pk": 24,
    "fields": {
        "titulo": "Now white usually citizen too eat all. Spring director music join professor. Position set despite talk.\nRate energy TV. Tend ball collection religious.",
        "descripcion": "One return tonight sense pretty. Rich face do million check. Road local gun feeling.\nIndividual serious give drive true. Structure shoulder born wrong small recent one.",
        "prioridad": 27729,
        "estado": "Pendiente",
        "completada": true,
        "fecha_creacion": "2024-10-10",
        "hora_vencimiento": "07:50:09",
        "usuario": 22
    }
},
{
    "model": "gtareas.tarea",
    "pk": 25,
    "fields": {
        "titulo": "Mrs memory old. Land image high easy account. Water but growth figure.",
        "descripcion": "Fear another quite commercial it return cultural. Huge theory keep our such country. All street class kind force myself high.\nAgent raise none if music. Such up all of step matter.",
        "prioridad": 13581,
        "estado": "Pendiente",
        "completada": false,
        "fecha_creacion": "2024-10-10",
        "hora_vencimiento": "06:17:10",
        "usuario": 25
    }
},
{
    "model": "gtareas.tarea",
    "pk": 26,
    "fields": {
        "titulo": "Government stage recent country. Second building dog you. Simply tend financial thing buy parent.\nSmall us even. Pick life put fish.",
        "descripcion": "Then fact board. Close put buy. Eye few increase among foot amount recognize institution. Arm vote resource eat maintain catch assume.",
        "prioridad": 16566,
        "estado": "Pendiente",
        "completada": true,
        "fecha_creacion": "2024-10-10",
        "hora_vencimiento": "18:48:44",
        "usuario": 16
    }
},
{
    "model": "gtareas.tarea",
    "pk": 27,
    "fields": {
        "titulo": "Other member adult meeting phone. Use because structure single west position item. Ago budget leave behind.\nType security debate inside piece. Black use charge office manager exactly.",
        "descripcion": "Address front kid real. Sport gun throughout meeting instead each. Move major concern not. Skill less prevent large explain.\nRelationship indeed ground surface. Radio commercial job degree letter.",
        "prioridad": 8140,
        "estado": "Pendiente",
        "completada": true,
        "fecha_creacion": "2024-10-10",
        "hora_vencimiento": "05:40:40",
        "usuario": 30
    }
},
{
    "model": "gtareas.tarea",
    "pk": 28,
    "fields": {
        "titulo": "Either series dog attack goal finally western. Project poor sport happy business. Billion understand Mr. Commercial role particular.",
        "descripcion": "Add college focus page administration south improve. For series bed most amount a. Military relate southern event hair laugh star.",
        "prioridad": 16223,
        "estado": "Pendiente",
        "completada": false,
        "fecha_creacion": "2024-10-10",
        "hora_vencimiento": "23:45:14",
        "usuario": 6
    }
},
{
    "model": "gtareas.tarea",
    "pk": 29,
    "fields": {
        "titulo": "Spring example security already another action front.\nSeven require professor somebody movement southern whole. Station thus center everything now usually buy night.",
        "descripcion": "Quality save interview several style. Door fight itself role argue.\nNo attorney support fall serve myself. Land sea remember physical check top computer.",
        "prioridad": -28736,
        "estado": "Pendiente",
        "completada": false,
        "fecha_creacion": "2024-10-10",
        "hora_vencimiento": "16:48:15",
        "usuario": 13
    }
},
{
    "model": "gtareas.tarea",
    "pk": 30,
    "fields": {
        "titulo": "Or do day laugh top have. Range certainly range walk yeah financial test. Rest billion marriage necessary task respond.\nTen and sit we consumer this resource. Hour toward nation.",
        "descripcion": "After heavy blood enter language blood. For beautiful rule method. Already order attack later anything land American.",
        "prioridad": 30856,
        "estado": "Pendiente",
        "completada": false,
        "fecha_creacion": "2024-10-10",
        "hora_vencimiento": "23:43:05",
        "usuario": 20
    }
},
{
    "model": "gtareas.proyecto",
    "pk": 1,
    "fields": {
        "nombre": "Particular fall point occur assume. Cell six movie military listen job break. Them population appear thank medical figure.",
        "descripcion": "Relate south sound nearly plan. Remember party fine claim bring. Food act art daughter action late nice seat.",
        "duracion_estimada": 0.17068532081007648,
        "fecha_inicio": "2002-12-11",
        "fecha_finalizacion": "2017-02-07",
        "usuario": 11,
        "colaboradores": [
            2,
            4,
            7,
            12,
            27
        ],
        "tareas": [
            1,
            5,
            14,
            29
        ]
    }
},
{
    "model": "gtareas.proyecto",
    "pk": 2,
    "fields": {
        "nombre": "Defense consumer sound stand.\nAccept key idea. Pay six effect add.\nMajority leave car successful exist mention baby. Statement possible seat bank still perhaps.",
        "descripcion": "Your conference total social herself protect important draw. Culture near east summer ready experience what. Gun low apply rule.",
        "duracion_estimada": 0.11212638420844745,
        "fecha_inicio": "1978-12-24",
        "fecha_finalizacion": "2021-10-04",
        "usuario": 25,
        "colaboradores": [
            1,
            8,
            12,
            20
        ],
        "tareas": [
            22,
            23,
            24
        ]
    }
},
{
    "model": "gtareas.proyecto",
    "pk": 3,
    "fields": {
        "nombre": "Best lawyer apply head effect. Trouble very course set camera. Reveal man these enjoy group. Catch they cause no like throw memory eat.\nSometimes open worry at oil. Project security too.",
        "descripcion": "Wife reflect every up. Raise then enjoy effort computer.\nDevelopment talk art quality without past. Relate around table player fly ready.",
        "duracion_estimada": 0.3570253733637021,
        "fecha_inicio": "1989-03-13",
        "fecha_finalizacion": "1978-08-11",
        "usuario": 11,
        "colaboradores": [
            1,
            10,
            13,
            14,
            26,
            28
        ],
        "tareas": [
            4,
            5,
            7,
            14
        ]
    }
},
{
    "model": "gtareas.proyecto",
    "pk": 4,
    "fields": {
        "nombre": "Sort power address morning although particularly. Pm matter week effort third yourself both.\nDog hour detail view. Stock energy Democrat economic debate peace move.",
        "descripcion": "World watch necessary discover sister government. Offer eight office window could. Political list old recognize box picture.",
        "duracion_estimada": 0.07531128096063233,
        "fecha_inicio": "2008-01-20",
        "fecha_finalizacion": "2004-02-01",
        "usuario": 29,
        "colaboradores": [
            29
        ],
        "tareas": [
            15,
            20,
            27,
            29
        ]
    }
},
{
    "model": "gtareas.proyecto",
    "pk": 5,
    "fields": {
        "nombre": "Feel statement pick left stage book three hot. Arm bad street keep study executive. Say campaign any early newspaper.",
        "descripcion": "Important song action one evening record. Animal almost sea.\nEstablish answer beautiful wrong drug start. Again only fast help get thing. Heart dream song company attention team choose.",
        "duracion_estimada": 0.7053759505857328,
        "fecha_inicio": "2002-06-25",
        "fecha_finalizacion": "1994-01-10",
        "usuario": 9,
        "colaboradores": [
            13,
            28,
            29
        ],
        "tareas": [
            4,
            8,
            9,
            10,
            15,
            18
        ]
    }
},
{
    "model": "gtareas.proyecto",
    "pk": 6,
    "fields": {
        "nombre": "Past end challenge say example. Serious individual power course maintain. Southern far thousand voice recently.",
        "descripcion": "Speech it list sing turn coach truth. Production onto hold four. Door expert mission decide rise rise religious.\nFire remember before high drug. Far modern training job.",
        "duracion_estimada": 0.29861163900359067,
        "fecha_inicio": "1997-01-04",
        "fecha_finalizacion": "1971-04-16",
        "usuario": 27,
        "colaboradores": [
            6,
            12,
            15,
            21
        ],
        "tareas": [
            8,
            27,
            28
        ]
    }
},
{
    "model": "gtareas.proyecto",
    "pk": 7,
    "fields": {
        "nombre": "Around own especially event order beat. What million environmental parent.\nWill find raise. She serve clearly life. Every free tree artist kitchen rise.\nAttack size state feeling.",
        "descripcion": "Under knowledge section age lead many man certainly. Traditional enough together line. House everybody even be us conference beyond brother.",
        "duracion_estimada": 0.8934553978858499,
        "fecha_inicio": "2023-04-14",
        "fecha_finalizacion": "1982-04-17",
        "usuario": 15,
        "colaboradores": [
            1
        ],
        "tareas": [
            3,
            11
        ]
    }
},
{
    "model": "gtareas.proyecto",
    "pk": 8,
    "fields": {
        "nombre": "Onto building involve you. Note whatever knowledge property protect.",
        "descripcion": "Pattern for total. Without term off poor relationship. Expect memory price.\nStage spring list. National strong concern. Think goal tough physical wall realize cold.",
        "duracion_estimada": 0.33738486833578296,
        "fecha_inicio": "2007-06-30",
        "fecha_finalizacion": "2018-06-08",
        "usuario": 7,
        "colaboradores": [
            1,
            3,
            24
        ],
        "tareas": [
            3,
            21,
            25,
            27
        ]
    }
},
{
    "model": "gtareas.proyecto",
    "pk": 9,
    "fields": {
        "nombre": "Care mission agency her. Red vote inside.\nGlass partner instead time our.\nAbility rest work on break hold. With Mr quite result lot long.\nGame peace each home whom performance voice.",
        "descripcion": "Later middle including expect evidence eight court throughout. Can record like administration there front.\nHealth over evidence institution rest party. Fish across prevent red ok board.",
        "duracion_estimada": 0.425244878623647,
        "fecha_inicio": "1976-05-26",
        "fecha_finalizacion": "1990-01-19",
        "usuario": 14,
        "colaboradores": [
            2,
            6,
            8,
            24
        ],
        "tareas": [
            1,
            16,
            24
        ]
    }
},
{
    "model": "gtareas.proyecto",
    "pk": 10,
    "fields": {
        "nombre": "Finally check enough example. Style production mother individual however central bag.\nHeavy medical whether story toward story. Those court chance thought although.",
        "descripcion": "Give you method feeling modern sea about remember. Entire box civil try week name owner.\nAttention rate I hospital blood quite audience listen. Argue power Democrat pick design later lay season.",
        "duracion_estimada": 0.7894947894990998,
        "fecha_inicio": "2016-11-22",
        "fecha_finalizacion": "1977-08-18",
        "usuario": 9,
        "colaboradores": [
            8,
            13,
            14,
            20,
            23
        ],
        "tareas": [
            3,
            6,
            8,
            13,
            19,
            23
        ]
    }
},
{
    "model": "gtareas.proyecto",
    "pk": 11,
    "fields": {
        "nombre": "Night treatment character pull rest trip she particular. Few fire major back stop when hour alone.",
        "descripcion": "Other miss environment matter different. Question someone language likely a politics. Receive conference indicate chair feel though who. Bed style hour local dream nature.",
        "duracion_estimada": 0.8293587365607764,
        "fecha_inicio": "2021-06-14",
        "fecha_finalizacion": "2020-08-04",
        "usuario": 30,
        "colaboradores": [
            6,
            7,
            8,
            12,
            15,
            18,
            26
        ],
        "tareas": [
            8,
            27
        ]
    }
},
{
    "model": "gtareas.proyecto",
    "pk": 12,
    "fields": {
        "nombre": "What first decide serve. Toward them view like rich everybody pass artist. Poor down attention indeed its. Decade us now himself.",
        "descripcion": "Knowledge person somebody tend ahead. Away remember he organization civil total resource. Still enjoy common mention single most believe life.",
        "duracion_estimada": 0.1804544252755209,
        "fecha_inicio": "2018-10-23",
        "fecha_finalizacion": "1978-06-19",
        "usuario": 3,
        "colaboradores": [
            13,
            14,
            25,
            29
        ],
        "tareas": [
            3,
            12
        ]
    }
},
{
    "model": "gtareas.proyecto",
    "pk": 13,
    "fields": {
        "nombre": "Food reality along recent author. Hope build us gun easy. What easy four during east full great.",
        "descripcion": "Capital show anyone apply Mr. Half remember product write story business.\nDefense record service.\nCampaign executive official help. Action ago every job sport represent make.",
        "duracion_estimada": 0.261696442169135,
        "fecha_inicio": "2022-09-06",
        "fecha_finalizacion": "1990-02-24",
        "usuario": 14,
        "colaboradores": [
            6,
            25,
            27,
            30
        ],
        "tareas": [
            20,
            24
        ]
    }
},
{
    "model": "gtareas.proyecto",
    "pk": 14,
    "fields": {
        "nombre": "Speech become thing per lose. Use ground several likely like could cut.",
        "descripcion": "Number evening miss yard space already. All leave least reduce animal individual poor. Way reduce Mrs help concern fight bag value.",
        "duracion_estimada": 0.6482286521321329,
        "fecha_inicio": "1987-09-17",
        "fecha_finalizacion": "2004-01-19",
        "usuario": 6,
        "colaboradores": [
            4,
            9,
            15,
            16,
            18,
            26
        ],
        "tareas": [
            8
        ]
    }
},
{
    "model": "gtareas.proyecto",
    "pk": 15,
    "fields": {
        "nombre": "Always security ground away cultural. Main tell surface too policy especially capital answer. Plant quickly let majority easy beautiful drive wear.",
        "descripcion": "Amount compare finish society heavy sing language. Support return kind enjoy represent significant condition.",
        "duracion_estimada": 0.9162798124460863,
        "fecha_inicio": "2020-01-11",
        "fecha_finalizacion": "1985-07-30",
        "usuario": 24,
        "colaboradores": [
            5,
            25
        ],
        "tareas": [
            9,
            13
        ]
    }
},
{
    "model": "gtareas.proyecto",
    "pk": 16,
    "fields": {
        "nombre": "Wind sound prove control. Hand begin him four city.\nSame Republican old professional. Difference live eat office entire nation. Future age special administration artist few.",
        "descripcion": "First not threat open feeling tree. Course too again argue cell.\nGo peace base although democratic against. Can information picture beyond light laugh poor. Eye guess nation several sea.",
        "duracion_estimada": 0.7446290063678049,
        "fecha_inicio": "2023-11-09",
        "fecha_finalizacion": "1971-06-18",
        "usuario": 11,
        "colaboradores": [
            5,
            11,
            16,
            23
        ],
        "tareas": [
            7,
            13,
            29
        ]
    }
},
{
    "model": "gtareas.proyecto",
    "pk": 17,
    "fields": {
        "nombre": "Reality himself say brother listen offer care. Form seem above professional majority notice. List PM cold material simple we.",
        "descripcion": "Pressure sign cut natural when read. Official must sort article seek become at. Style manager realize relate power air soon all.",
        "duracion_estimada": 0.042912809993455925,
        "fecha_inicio": "1992-12-01",
        "fecha_finalizacion": "2012-10-09",
        "usuario": 9,
        "colaboradores": [
            1,
            4,
            14,
            18,
            20,
            26,
            30
        ],
        "tareas": [
            11,
            12,
            18,
            28
        ]
    }
},
{
    "model": "gtareas.proyecto",
    "pk": 18,
    "fields": {
        "nombre": "Figure oil political throw moment popular short. Management design election scene that course environmental. Trouble role remember.",
        "descripcion": "Class various white thus impact model brother hold. Open situation wait commercial. Explain alone brother business explain.",
        "duracion_estimada": 0.8695718944215769,
        "fecha_inicio": "1989-06-02",
        "fecha_finalizacion": "1996-08-13",
        "usuario": 17,
        "colaboradores": [
            1,
            3,
            9,
            16,
            17
        ],
        "tareas": [
            15,
            19
        ]
    }
},
{
    "model": "gtareas.proyecto",
    "pk": 19,
    "fields": {
        "nombre": "Old win western development yeah low. Yeah cultural mother development miss perform hundred.\nSpeak around on material break draw type.",
        "descripcion": "Be one long look. Change away PM bed.\nArrive interest language property. Owner artist according road. Feel laugh wind to newspaper clearly wait marriage.",
        "duracion_estimada": 0.393937313026547,
        "fecha_inicio": "1979-01-29",
        "fecha_finalizacion": "2024-04-18",
        "usuario": 28,
        "colaboradores": [
            1,
            7,
            15,
            16,
            17
        ],
        "tareas": [
            12
        ]
    }
},
{
    "model": "gtareas.proyecto",
    "pk": 20,
    "fields": {
        "nombre": "Accept career machine. Although one conference each.\nElse myself impact tax Republican agent soon. Model less collection. Plant yourself loss.",
        "descripcion": "About theory final training among. Different program wait total artist.\nOpen trouble only science article. Last walk pattern movie employee long.",
        "duracion_estimada": 0.44582529466443244,
        "fecha_inicio": "1972-09-03",
        "fecha_finalizacion": "1976-06-29",
        "usuario": 5,
        "colaboradores": [
            1,
            2,
            6,
            16,
            18,
            21,
            29
        ],
        "tareas": [
            7,
            30
        ]
    }
},
{
    "model": "gtareas.proyecto",
    "pk": 21,
    "fields": {
        "nombre": "Build see generation involve say cut continue. Phone evidence feel. Cause development resource argue smile.\nBack later movement south parent include keep. Involve however wife up at color.",
        "descripcion": "Office whom claim. Pattern lot long treat away small beat. Continue could deal offer employee set white.\nInterview billion better reality. Do say word wish. Everybody once my tell road.",
        "duracion_estimada": 0.285555595462308,
        "fecha_inicio": "1978-08-18",
        "fecha_finalizacion": "2000-01-22",
        "usuario": 23,
        "colaboradores": [
            1,
            4,
            11,
            19,
            20
        ],
        "tareas": [
            6,
            20,
            22
        ]
    }
},
{
    "model": "gtareas.proyecto",
    "pk": 22,
    "fields": {
        "nombre": "Recognize case let bank treatment wear street. I fact peace above through even. End product event green.\nSociety camera however rise indicate mouth glass. Step somebody hour.",
        "descripcion": "Significant three window current. Cost on capital long. Boy mind save difficult military.\nAcross find though say myself.\nNation early situation meet.",
        "duracion_estimada": 0.6187241585550718,
        "fecha_inicio": "1973-09-16",
        "fecha_finalizacion": "2000-08-01",
        "usuario": 9,
        "colaboradores": [
            6,
            16
        ],
        "tareas": [
            22
        ]
    }
},
{
    "model": "gtareas.proyecto",
    "pk": 23,
    "fields": {
        "nombre": "Group hot hotel ahead. Off home reflect they today agent player. Do think surface far reduce remember.",
        "descripcion": "Assume would threat card law when. Year start myself least any actually. Entire across far itself wind phone Republican.",
        "duracion_estimada": 0.10781807602854121,
        "fecha_inicio": "1981-06-02",
        "fecha_finalizacion": "1987-11-15",
        "usuario": 6,
        "colaboradores": [
            2,
            12,
            21,
            24
        ],
        "tareas": [
            5,
            14,
            24,
            27,
            28,
            30
        ]
    }
},
{
    "model": "gtareas.proyecto",
    "pk": 24,
    "fields": {
        "nombre": "Use across great consider good form color art. Upon move bar fish open. Me budget itself serious security check.\nProvide decade job camera miss view front. Purpose happy including.",
        "descripcion": "Everybody force property clear fall edge for. Set style lay reach feeling listen concern. Second weight Mrs fish truth. Note benefit garden own.",
        "duracion_estimada": 0.48771837710164145,
        "fecha_inicio": "2010-04-25",
        "fecha_finalizacion": "1970-11-23",
        "usuario": 25,
        "colaboradores": [
            9
        ],
        "tareas": [
            3,
            13,
            20,
            25,
            28,
            30
        ]
    }
},
{
    "model": "gtareas.proyecto",
    "pk": 25,
    "fields": {
        "nombre": "Style seem generation type laugh goal structure. Or important mouth artist spring air.\nMessage level within radio. Letter kind herself bill. Worry responsibility vote ask our after.",
        "descripcion": "Thing behind son information she edge. Free ahead without health. Collection single decade chair lay.",
        "duracion_estimada": 0.056765863368880565,
        "fecha_inicio": "1974-07-31",
        "fecha_finalizacion": "1987-05-24",
        "usuario": 23,
        "colaboradores": [
            2,
            16,
            21,
            30
        ],
        "tareas": [
            6,
            12,
            28
        ]
    }
},
{
    "model": "gtareas.proyecto",
    "pk": 26,
    "fields": {
        "nombre": "Throw assume region star church.\nInside of game until Democrat season hold to. Last program ok. Movement style property project most.\nWho actually race analysis. Concern trial show as.",
        "descripcion": "Walk always imagine. Blue class sometimes impact media compare need worry. Wait painting benefit community.",
        "duracion_estimada": 0.665961853982153,
        "fecha_inicio": "2011-10-26",
        "fecha_finalizacion": "2014-03-10",
        "usuario": 29,
        "colaboradores": [
            17
        ],
        "tareas": [
            5,
            24
        ]
    }
},
{
    "model": "gtareas.proyecto",
    "pk": 27,
    "fields": {
        "nombre": "Behind thus part bit meeting energy individual trip. Back city hit economy teach people democratic.\nStatement organization country possible rich myself professor. Country degree company again.",
        "descripcion": "People upon what action course remember. You writer level beat region your cause. Mind different listen million.\nTell threat magazine myself traditional turn plan.",
        "duracion_estimada": 0.7558544247768562,
        "fecha_inicio": "1986-07-16",
        "fecha_finalizacion": "1971-09-03",
        "usuario": 19,
        "colaboradores": [
            9
        ],
        "tareas": [
            7,
            10,
            23,
            29
        ]
    }
},
{
    "model": "gtareas.proyecto",
    "pk": 28,
    "fields": {
        "nombre": "Edge pull per difficult measure. Tonight cause skin happy nearly soldier rather.\nStar challenge left should throughout crime. Continue trade town difficult even which attorney.",
        "descripcion": "Among road occur very if word weight partner. Program knowledge activity Mrs south.\nBetween again quickly later news half deep. Read responsibility anyone very amount responsibility.",
        "duracion_estimada": 0.03971266311846411,
        "fecha_inicio": "2014-02-10",
        "fecha_finalizacion": "1991-12-25",
        "usuario": 24,
        "colaboradores": [
            6,
            15,
            24,
            27
        ],
        "tareas": [
            9
        ]
    }
},
{
    "model": "gtareas.proyecto",
    "pk": 29,
    "fields": {
        "nombre": "Resource difficult run series toward arm. Perform why will without price skin doctor method.\nDefense no kid theory painting send. Physical because power this.",
        "descripcion": "Prepare we size hear third. Still religious bank employee Congress another. Up management season.\nAgency either moment sort wear. By test language lot garden happen live. Fight particularly sound.",
        "duracion_estimada": 0.8518167848832636,
        "fecha_inicio": "1984-03-16",
        "fecha_finalizacion": "2011-04-21",
        "usuario": 10,
        "colaboradores": [
            6,
            11
        ],
        "tareas": [
            7,
            11,
            14,
            21
        ]
    }
},
{
    "model": "gtareas.proyecto",
    "pk": 30,
    "fields": {
        "nombre": "Door question lay billion wish address likely. Even born least service. Safe yard close investment fine yard unit.\nPractice view group go consider. Clearly necessary produce environmental.",
        "descripcion": "Management present first look education church. Culture chair kitchen suddenly fund according tax price.\nEarly last pay into result. Successful guy accept. Study across you out.",
        "duracion_estimada": 0.531751668625469,
        "fecha_inicio": "2002-03-24",
        "fecha_finalizacion": "1993-08-20",
        "usuario": 26,
        "colaboradores": [
            3,
            5,
            15,
            18,
            27
        ],
        "tareas": [
            5,
            21,
            24,
            25,
            26,
            28
        ]
    }
},
{
    "model": "gtareas.etiqueta",
    "pk": 1,
    "fields": {
        "nombre": "West back point staff station.\nStory big truth. Draw born natural pass small film either. Quality boy what really after police ready.",
        "etiquetas": [
            10,
            18,
            24,
            30
        ]
    }
},
{
    "model": "gtareas.etiqueta",
    "pk": 2,
    "fields": {
        "nombre": "Nice card tend money sort. Approach policy several wife work. They recognize eight remain family brother rate.\nOff change pay likely former air activity. Detail suffer answer power material.",
        "etiquetas": [
            1,
            13,
            19
        ]
    }
},
{
    "model": "gtareas.etiqueta",
    "pk": 3,
    "fields": {
        "nombre": "White bill instead such ok account same. Possible long reduce provide usually pattern. Rate happy offer manage their.",
        "etiquetas": [
            2,
            6,
            8,
            11,
            13
        ]
    }
},
{
    "model": "gtareas.etiqueta",
    "pk": 4,
    "fields": {
        "nombre": "Reflect red black line same production.\nStuff suddenly or trade. Accept paper if. Sense moment or fill option.\nDay state ok begin.\nBetween cup resource or practice special own. Various even them.",
        "etiquetas": [
            2,
            3,
            15,
            21,
            23,
            29
        ]
    }
},
{
    "model": "gtareas.etiqueta",
    "pk": 5,
    "fields": {
        "nombre": "Hand shake run audience local notice item. Reveal make simple here black. Require policy region four able team. Establish interesting term shake ability check culture.",
        "etiquetas": [
            10,
            12
        ]
    }
},
{
    "model": "gtareas.etiqueta",
    "pk": 6,
    "fields": {
        "nombre": "Author capital expect too. Listen black wall appear feeling assume. Part court measure real able.\nItself study election the act better organization. Their among century money key financial.",
        "etiquetas": [
            5,
            27
        ]
    }
},
{
    "model": "gtareas.etiqueta",
    "pk": 7,
    "fields": {
        "nombre": "Bank represent front tend star threat. Always information long oil option this maybe. Myself prevent first year late hold.",
        "etiquetas": [
            12,
            18,
            19,
            22,
            23,
            25
        ]
    }
},
{
    "model": "gtareas.etiqueta",
    "pk": 8,
    "fields": {
        "nombre": "Defense make set similar he difficult special. Seat teach certain type. Us message still space.\nDoor exactly natural since. Threat ten east type child four throughout.",
        "etiquetas": [
            1,
            4,
            20,
            23,
            25,
            26,
            30
        ]
    }
},
{
    "model": "gtareas.etiqueta",
    "pk": 9,
    "fields": {
        "nombre": "Challenge for process method. Themselves amount skin theory maintain our. Like information mouth specific community see style suggest.",
        "etiquetas": [
            7,
            17,
            23,
            29
        ]
    }
},
{
    "model": "gtareas.etiqueta",
    "pk": 10,
    "fields": {
        "nombre": "Doctor rich claim already store process product. Necessary behavior sister ever. Sure world account like also begin deep.\nRepublican nearly stock anyone director position.",
        "etiquetas": [
            2,
            7,
            11,
            14,
            19,
            22
        ]
    }
},
{
    "model": "gtareas.etiqueta",
    "pk": 11,
    "fields": {
        "nombre": "Around suggest society stand why. Step blood vote base customer. Speak guess year amount ever alone.",
        "etiquetas": [
            11,
            15,
            24
        ]
    }
},
{
    "model": "gtareas.etiqueta",
    "pk": 12,
    "fields": {
        "nombre": "Event through above hold do. Property outside government attention.\nLeg approach fund trial growth very think. Under near sport level camera manager over pass.",
        "etiquetas": [
            30
        ]
    }
},
{
    "model": "gtareas.etiqueta",
    "pk": 13,
    "fields": {
        "nombre": "Whose fly total have fine. Spring religious design.\nRemain too manage lot up course. Message rock keep out economy reflect follow.\nPresident attack teach great.",
        "etiquetas": [
            19
        ]
    }
},
{
    "model": "gtareas.etiqueta",
    "pk": 14,
    "fields": {
        "nombre": "Out foot laugh he less natural. Face sell evening arrive short deep doctor.",
        "etiquetas": [
            19,
            26,
            29
        ]
    }
},
{
    "model": "gtareas.etiqueta",
    "pk": 15,
    "fields": {
        "nombre": "Image none half. Behavior particular would herself. Foreign address indicate leader clear what continue example.",
        "etiquetas": [
            18,
            28
        ]
    }
},
{
    "model": "gtareas.etiqueta",
    "pk": 16,
    "fields": {
        "nombre": "Office idea a professional. Upon already shake. Good hospital next building growth guess various share. With sport back.\nFuture him success production point. Public husband sell child sea contain.",
        "etiquetas": [
            18,
            24
        ]
    }
},
{
    "model": "gtareas.etiqueta",
    "pk": 17,
    "fields": {
        "nombre": "Save sing just our practice. Late my and race property professor.\nType new magazine mind. During spend these.\nFight land officer story generation something star.",
        "etiquetas": [
            6,
            8,
            19,
            21,
            28,
            29
        ]
    }
},
{
    "model": "gtareas.etiqueta",
    "pk": 18,
    "fields": {
        "nombre": "Indicate very see affect lose office church. We growth seek agency last. Positive step cause community move late child.",
        "etiquetas": [
            1,
            8,
            10,
            14,
            21
        ]
    }
},
{
    "model": "gtareas.etiqueta",
    "pk": 19,
    "fields": {
        "nombre": "World ball bring real. Charge none sea ever west film subject.\nSkill stop lay dinner resource something. Expect memory treatment somebody myself thank kind.",
        "etiquetas": [
            4,
            13,
            16,
            19,
            25,
            29
        ]
    }
},
{
    "model": "gtareas.etiqueta",
    "pk": 20,
    "fields": {
        "nombre": "Walk my send major. Relate source threat behavior listen talk so.\nHim spring sometimes eat. Cut feeling however.\nThey wall tonight likely. Contain surface fund us live think.",
        "etiquetas": [
            8,
            22,
            27,
            29
        ]
    }
},
{
    "model": "gtareas.etiqueta",
    "pk": 21,
    "fields": {
        "nombre": "Strong husband coach sometimes. Night view despite.\nReflect one Mr soldier ball land people. Small increase space left minute.\nEnjoy top across east similar natural.\nWhose speak enter response learn.",
        "etiquetas": [
            7,
            8,
            14,
            18,
            20,
            21,
            28
        ]
    }
},
{
    "model": "gtareas.etiqueta",
    "pk": 22,
    "fields": {
        "nombre": "Nothing according reduce ground.\nPart heart appear other strong far almost. Risk produce health would community.\nRecent recently former six whole could. Religious authority policy hope real than.",
        "etiquetas": [
            8,
            28
        ]
    }
},
{
    "model": "gtareas.etiqueta",
    "pk": 23,
    "fields": {
        "nombre": "Central drive read choice order. Morning early hit may compare about. Body commercial water than miss staff.\nTask firm old body whom discuss think. True agreement skin ago over the same.",
        "etiquetas": [
            6,
            15,
            19,
            29
        ]
    }
},
{
    "model": "gtareas.etiqueta",
    "pk": 24,
    "fields": {
        "nombre": "Theory together fact heart surface. Money nor voice. Discussion author movement speech wait everybody.\nOpen back campaign page born you the. Less range bed where Mrs million.",
        "etiquetas": [
            1,
            14,
            15,
            20,
            26
        ]
    }
},
{
    "model": "gtareas.etiqueta",
    "pk": 25,
    "fields": {
        "nombre": "Training consider agent benefit term much. We ground become skin collection. Old Congress no professor happen build sort. Air field true fast newspaper company dream order.",
        "etiquetas": [
            4,
            14
        ]
    }
},
{
    "model": "gtareas.etiqueta",
    "pk": 26,
    "fields": {
        "nombre": "City article meeting. Fine professional money able space actually son total.\nSocial explain where its grow record. Black affect less sure industry. Federal lawyer good white scene sea turn.",
        "etiquetas": [
            17,
            22,
            23,
            24
        ]
    }
},
{
    "model": "gtareas.etiqueta",
    "pk": 27,
    "fields": {
        "nombre": "Force benefit only site between fund PM. Our party assume car sing.\nSimilar save group parent show those ready money. Investment table feeling allow support sometimes little.",
        "etiquetas": [
            3,
            9
        ]
    }
},
{
    "model": "gtareas.etiqueta",
    "pk": 28,
    "fields": {
        "nombre": "Key onto return new spend build. Until mission size outside prevent. Environment another environment probably.\nReason open cultural site them. Now walk foot measure.",
        "etiquetas": [
            7,
            25
        ]
    }
},
{
    "model": "gtareas.etiqueta",
    "pk": 29,
    "fields": {
        "nombre": "Beautiful together my building. Camera onto human four candidate something. Writer after ok product involve.\nJob seven decision partner road. Ever begin remain. Bank without that young.",
        "etiquetas": [
            1,
            2,
            26,
            28
        ]
    }
},
{
    "model": "gtareas.etiqueta",
    "pk": 30,
    "fields": {
        "nombre": "Whether financial during down. Bank stage suddenly. Give difficult concern have final continue despite.\nFive control help opportunity lay fact audience. Girl second ground between talk describe.",
        "etiquetas": [
            7,
            11,
            15,
            17,
            23,
            24,
            30
        ]
    }
},
{
    "model": "gtareas.asignaciontarea",
    "pk": 1,
    "fields": {
        "usuario": 17,
        "tarea": 27,
        "observaciones": "Station hit contain not region pay. Prepare fine blue reach offer. Develop cultural whom.\nYou future again note. Suggest reduce eat evening Democrat environment.",
        "fecha_asignacion": "2005-10-10T02:57:39.894"
    }
},
{
    "model": "gtareas.asignaciontarea",
    "pk": 2,
    "fields": {
        "usuario": 14,
        "tarea": 27,
        "observaciones": "Toward determine apply individual front. Answer thing figure military relationship large. Upon send president realize remain.",
        "fecha_asignacion": "2019-08-21T17:16:40.876"
    }
},
{
    "model": "gtareas.asignaciontarea",
    "pk": 3,
    "fields": {
        "usuario": 9,
        "tarea": 30,
        "observaciones": "Dark red I capital other rest. News ask hair this.\nEverything part anything physical light city. Notice I business particular when. Care only magazine reveal.",
        "fecha_asignacion": "1978-01-04T17:16:30.648"
    }
},
{
    "model": "gtareas.asignaciontarea",
    "pk": 4,
    "fields": {
        "usuario": 14,
        "tarea": 11,
        "observaciones": "Benefit body might. Buy else care play fund.\nHeart anyone nature light professional. Myself hair including head clear serve.\nPartner study since item much. Simply boy medical safe.",
        "fecha_asignacion": "2015-03-14T12:31:03.009"
    }
},
{
    "model": "gtareas.asignaciontarea",
    "pk": 5,
    "fields": {
        "usuario": 25,
        "tarea": 10,
        "observaciones": "Cup woman president coach month. Include read west Congress. Chair on find.\nUpon now opportunity view. Administration letter age quality.",
        "fecha_asignacion": "1988-06-25T05:10:25.064"
    }
},
{
    "model": "gtareas.asignaciontarea",
    "pk": 6,
    "fields": {
        "usuario": 11,
        "tarea": 7,
        "observaciones": "Side everyone whether ball scientist return. Agree country officer. Crime enjoy meet many.",
        "fecha_asignacion": "2020-06-26T21:13:58.412"
    }
},
{
    "model": "gtareas.asignaciontarea",
    "pk": 7,
    "fields": {
        "usuario": 28,
        "tarea": 22,
        "observaciones": "Deal network quite entire job. Here dream half. North top from assume.\nPublic night southern listen get offer. Exactly leave citizen series when official.",
        "fecha_asignacion": "2016-09-11T23:02:29.519"
    }
},
{
    "model": "gtareas.asignaciontarea",
    "pk": 8,
    "fields": {
        "usuario": 28,
        "tarea": 6,
        "observaciones": "Although personal face senior task provide deal. Either like manager politics prepare reality career. Human range bank myself charge media. Really seek open green.",
        "fecha_asignacion": "1988-08-30T15:54:52.812"
    }
},
{
    "model": "gtareas.asignaciontarea",
    "pk": 9,
    "fields": {
        "usuario": 7,
        "tarea": 1,
        "observaciones": "Sometimes customer prepare while turn various. Require at responsibility traditional. Clear issue sell reach.\nLittle exist field yes art there. View follow guy friend dark.",
        "fecha_asignacion": "1996-09-19T02:12:10.509"
    }
},
{
    "model": "gtareas.asignaciontarea",
    "pk": 10,
    "fields": {
        "usuario": 18,
        "tarea": 21,
        "observaciones": "Impact including while treatment television degree subject. We exist pick concern exist believe. High truth drive piece part.",
        "fecha_asignacion": "1998-06-19T15:44:34.510"
    }
},
{
    "model": "gtareas.asignaciontarea",
    "pk": 11,
    "fields": {
        "usuario": 24,
        "tarea": 29,
        "observaciones": "In example stock yet. Unit way feeling.\nQuite consumer visit production partner. Old century consider. Across audience region else play really work.",
        "fecha_asignacion": "1982-04-08T18:42:32.022"
    }
},
{
    "model": "gtareas.asignaciontarea",
    "pk": 12,
    "fields": {
        "usuario": 30,
        "tarea": 8,
        "observaciones": "Commercial character summer agent form. Industry shake than. Leg candidate off account their under finish help.",
        "fecha_asignacion": "1992-08-24T12:07:41.791"
    }
},
{
    "model": "gtareas.asignaciontarea",
    "pk": 13,
    "fields": {
        "usuario": 17,
        "tarea": 8,
        "observaciones": "You member exist design black small. Happy student stage religious front way suggest four.\nPeople list friend appear take. Anything level artist process society consumer.",
        "fecha_asignacion": "1984-04-09T08:36:48.870"
    }
},
{
    "model": "gtareas.asignaciontarea",
    "pk": 14,
    "fields": {
        "usuario": 14,
        "tarea": 2,
        "observaciones": "A similar southern though. Camera true particularly strong gas when house.\nWithin option leg modern. Action play eight it investment spend. Lead require send.",
        "fecha_asignacion": "2009-09-14T11:05:45.746"
    }
},
{
    "model": "gtareas.asignaciontarea",
    "pk": 15,
    "fields": {
        "usuario": 25,
        "tarea": 5,
        "observaciones": "Join improve second action may name beat.\nType million available age best any. Drug away worry guy.\nFormer appear director big.",
        "fecha_asignacion": "2008-07-15T10:15:45.324"
    }
},
{
    "model": "gtareas.asignaciontarea",
    "pk": 16,
    "fields": {
        "usuario": 17,
        "tarea": 16,
        "observaciones": "Wait near outside improve street. Wonder among able bring.\nApproach you free cover. Onto thing follow her specific understand middle.",
        "fecha_asignacion": "2001-06-21T17:45:36.060"
    }
},
{
    "model": "gtareas.asignaciontarea",
    "pk": 17,
    "fields": {
        "usuario": 10,
        "tarea": 27,
        "observaciones": "Heavy often cup family.\nHope use officer fill. Cut as strong political environment measure leader. Either nor spring listen girl way month program.",
        "fecha_asignacion": "1995-11-24T11:45:01.576"
    }
},
{
    "model": "gtareas.asignaciontarea",
    "pk": 18,
    "fields": {
        "usuario": 18,
        "tarea": 16,
        "observaciones": "Next personal big war our country. You southern rich production where.",
        "fecha_asignacion": "1998-01-25T08:26:19.802"
    }
},
{
    "model": "gtareas.asignaciontarea",
    "pk": 19,
    "fields": {
        "usuario": 28,
        "tarea": 24,
        "observaciones": "How down pattern administration report service say. Eight edge fine according community account response.",
        "fecha_asignacion": "2003-10-14T06:45:01.262"
    }
},
{
    "model": "gtareas.asignaciontarea",
    "pk": 20,
    "fields": {
        "usuario": 6,
        "tarea": 5,
        "observaciones": "Professional morning sister. Girl even board treat term similar. Unit time population key.\nOther model through single red director. Out information value compare under page board.",
        "fecha_asignacion": "1999-01-27T10:19:53.046"
    }
},
{
    "model": "gtareas.asignaciontarea",
    "pk": 21,
    "fields": {
        "usuario": 3,
        "tarea": 23,
        "observaciones": "Art hour major admit speech. Boy cultural recognize special behavior other.\nAuthority travel education husband network raise. Fight someone thus dark.",
        "fecha_asignacion": "1995-12-12T23:26:20.135"
    }
},
{
    "model": "gtareas.asignaciontarea",
    "pk": 22,
    "fields": {
        "usuario": 21,
        "tarea": 19,
        "observaciones": "Decision amount nothing. Important sit choice manage economic effort modern. Direction fear society growth whose go threat.",
        "fecha_asignacion": "1989-01-22T20:04:30.995"
    }
},
{
    "model": "gtareas.asignaciontarea",
    "pk": 23,
    "fields": {
        "usuario": 30,
        "tarea": 25,
        "observaciones": "Say memory similar see degree. Pass radio finish experience member either care herself.\nBegin let dark sit each move before. Daughter move enough key according important beyond agent.",
        "fecha_asignacion": "2018-09-01T19:53:46.645"
    }
},
{
    "model": "gtareas.asignaciontarea",
    "pk": 24,
    "fields": {
        "usuario": 12,
        "tarea": 1,
        "observaciones": "Throughout radio side walk.\nSpend upon side store expect born author. Sea short blue pretty. Language tend summer pull.",
        "fecha_asignacion": "1979-11-03T07:38:50.738"
    }
},
{
    "model": "gtareas.asignaciontarea",
    "pk": 25,
    "fields": {
        "usuario": 25,
        "tarea": 19,
        "observaciones": "Can light assume for recent able speak. Camera explain assume material wear. Couple argue draw soon near.",
        "fecha_asignacion": "1999-10-20T06:41:31.001"
    }
},
{
    "model": "gtareas.asignaciontarea",
    "pk": 26,
    "fields": {
        "usuario": 21,
        "tarea": 7,
        "observaciones": "Team TV pass wrong education employee. Defense thank production.\nThreat sure condition make manager than. Learn us nature another drug.",
        "fecha_asignacion": "1979-08-07T01:19:44.911"
    }
},
{
    "model": "gtareas.asignaciontarea",
    "pk": 27,
    "fields": {
        "usuario": 12,
        "tarea": 23,
        "observaciones": "Lot friend long cold purpose sort. Be those expect picture. His value develop data benefit. Management car alone much Republican month it.",
        "fecha_asignacion": "2008-04-16T13:20:16.053"
    }
},
{
    "model": "gtareas.asignaciontarea",
    "pk": 28,
    "fields": {
        "usuario": 17,
        "tarea": 2,
        "observaciones": "Send director street. Relationship hour key wonder indeed.\nCenter arrive prove issue drug. Hear north people hit. Example read citizen between quite tree. Make responsibility strong along too run.",
        "fecha_asignacion": "2011-12-09T14:38:22.219"
    }
},
{
    "model": "gtareas.asignaciontarea",
    "pk": 29,
    "fields": {
        "usuario": 9,
        "tarea": 26,
        "observaciones": "North pressure hear fire scientist rich figure. Fill year threat address opportunity fall.\nReturn customer light ball late. Garden about outside base soldier project.",
        "fecha_asignacion": "1997-09-16T10:04:26.274"
    }
},
{
    "model": "gtareas.asignaciontarea",
    "pk": 30,
    "fields": {
        "usuario": 30,
        "tarea": 18,
        "observaciones": "Treatment possible live. Simply seat social space crime dog evening.",
        "fecha_asignacion": "1971-09-22T23:59:59.949"
    }
},
{
    "model": "gtareas.comentario",
    "pk": 1,
    "fields": {
        "autor": 10,
        "tarea": 28,
        "contenido": "Often picture whatever drug some event. Movie stop quickly note its similar political.\nSafe keep safe less federal. Far alone begin explain. Culture care be alone add dream hundred.",
        "fecha_contenido": "2019-11-05T01:58:24.419"
    }
},
{
    "model": "gtareas.comentario",
    "pk": 2,
    "fields": {
        "autor": 18,
        "tarea": 20,
        "contenido": "Choose sit shake including increase build. Look item once all late everybody. Run leader officer lose song power to.",
        "fecha_contenido": "2012-05-23T11:35:21.002"
    }
},
{
    "model": "gtareas.comentario",
    "pk": 3,
    "fields": {
        "autor": 15,
        "tarea": 5,
        "contenido": "Fly person their safe laugh include. Free if industry because there threat agency. Dog type enjoy partner however job base probably. Car human image big.",
        "fecha_contenido": "1975-07-24T23:33:37.345"
    }
},
{
    "model": "gtareas.comentario",
    "pk": 4,
    "fields": {
        "autor": 16,
        "tarea": 13,
        "contenido": "Leave garden rather entire. Front catch human sure.\nPiece beat ago reflect speak need environmental person. Project theory describe fly. Decide feel attention federal any character.",
        "fecha_contenido": "1986-09-26T02:24:59.335"
    }
},
{
    "model": "gtareas.comentario",
    "pk": 5,
    "fields": {
        "autor": 19,
        "tarea": 4,
        "contenido": "Big appear hard step. Nearly music former while born.\nStill believe all I writer position. Official send possible lead better simply rate.",
        "fecha_contenido": "2013-07-13T21:39:58.176"
    }
},
{
    "model": "gtareas.comentario",
    "pk": 6,
    "fields": {
        "autor": 30,
        "tarea": 30,
        "contenido": "Hard lawyer color former Mr. Tree yes everything contain place first happy. Green four third director peace teacher.",
        "fecha_contenido": "1985-09-24T18:51:14.787"
    }
},
{
    "model": "gtareas.comentario",
    "pk": 7,
    "fields": {
        "autor": 4,
        "tarea": 9,
        "contenido": "Development far week could politics simple. Standard box music give stage.\nParticipant bit between everything out along. Remain happy meet east.\nLay catch strategy.",
        "fecha_contenido": "1982-12-07T07:25:58.253"
    }
},
{
    "model": "gtareas.comentario",
    "pk": 8,
    "fields": {
        "autor": 22,
        "tarea": 23,
        "contenido": "Ask million run last half consumer. Above popular television maybe whether already nor.\nTop including miss trouble. View stop American west meeting other career.",
        "fecha_contenido": "1989-10-25T12:19:27.928"
    }
},
{
    "model": "gtareas.comentario",
    "pk": 9,
    "fields": {
        "autor": 11,
        "tarea": 3,
        "contenido": "List best thought beyond. Rule today first music.\nMention perhaps language physical difficult force reality. They line think director.",
        "fecha_contenido": "1991-08-05T04:02:00.008"
    }
},
{
    "model": "gtareas.comentario",
    "pk": 10,
    "fields": {
        "autor": 13,
        "tarea": 4,
        "contenido": "Contain understand white my society travel measure control. Window series material inside. Light wife cultural young too condition relationship activity.\nIncluding describe memory compare check.",
        "fecha_contenido": "2003-07-24T20:04:36.658"
    }
},
{
    "model": "gtareas.comentario",
    "pk": 11,
    "fields": {
        "autor": 13,
        "tarea": 30,
        "contenido": "Five according once. Blood now unit to usually.\nSeries animal peace summer. Brother best fast young. Spring yourself challenge keep writer answer person international.",
        "fecha_contenido": "1999-04-04T20:28:33.710"
    }
},
{
    "model": "gtareas.comentario",
    "pk": 12,
    "fields": {
        "autor": 20,
        "tarea": 19,
        "contenido": "Each sign own husband case course. Once hundred economy story heart specific fire.\nOrganization theory difficult special single according. Office lead team.",
        "fecha_contenido": "1992-10-08T14:26:00.488"
    }
},
{
    "model": "gtareas.comentario",
    "pk": 13,
    "fields": {
        "autor": 12,
        "tarea": 24,
        "contenido": "Everyone claim face sign sense idea. Think east treat issue floor understand nation. Central note vote everybody education.\nWould article it. Billion around whom should either unit.",
        "fecha_contenido": "2001-10-12T11:23:28.521"
    }
},
{
    "model": "gtareas.comentario",
    "pk": 14,
    "fields": {
        "autor": 16,
        "tarea": 5,
        "contenido": "Woman before everything night article far firm. Church because technology compare.\nBaby area seat toward identify. Away author occur production issue teacher ten.",
        "fecha_contenido": "1990-01-10T05:55:58.626"
    }
},
{
    "model": "gtareas.comentario",
    "pk": 15,
    "fields": {
        "autor": 14,
        "tarea": 15,
        "contenido": "National seem step plan eye against leader. While rich join little recently become.",
        "fecha_contenido": "1991-11-21T16:25:02.836"
    }
},
{
    "model": "gtareas.comentario",
    "pk": 16,
    "fields": {
        "autor": 1,
        "tarea": 13,
        "contenido": "Wish six pick commercial. Own may media out knowledge administration fact.\nGood thousand arrive left future husband. Inside truth few where statement this put study.",
        "fecha_contenido": "2024-06-04T03:35:44.509"
    }
},
{
    "model": "gtareas.comentario",
    "pk": 17,
    "fields": {
        "autor": 8,
        "tarea": 12,
        "contenido": "Recent at until red special. Visit world game anyone next against plan.\nFish minute station series near. What among involve could senior throughout dream treat. Character half kind.",
        "fecha_contenido": "2011-12-25T07:01:59.090"
    }
},
{
    "model": "gtareas.comentario",
    "pk": 18,
    "fields": {
        "autor": 25,
        "tarea": 13,
        "contenido": "One drive gas probably. Choose with notice room oil. Single information science work argue subject call wife. Understand expect short attack arm once.",
        "fecha_contenido": "2007-09-28T14:13:21.620"
    }
},
{
    "model": "gtareas.comentario",
    "pk": 19,
    "fields": {
        "autor": 22,
        "tarea": 1,
        "contenido": "Small unit plan. Article how seven edge.\nHope you evidence life choose ok. Brother executive cost performance shake have near top. Gas field senior your majority raise little.",
        "fecha_contenido": "2008-03-01T02:41:14.628"
    }
},
{
    "model": "gtareas.comentario",
    "pk": 20,
    "fields": {
        "autor": 4,
        "tarea": 4,
        "contenido": "Condition five physical first today soon decision child. Charge threat reflect dinner. Almost learn support option carry wall.",
        "fecha_contenido": "2002-12-26T19:37:03.720"
    }
},
{
    "model": "gtareas.comentario",
    "pk": 21,
    "fields": {
        "autor": 20,
        "tarea": 7,
        "contenido": "Under tree right build show. Eight political Republican itself American start. Short pick once ability value listen side.",
        "fecha_contenido": "1982-10-25T17:44:56.960"
    }
},
{
    "model": "gtareas.comentario",
    "pk": 22,
    "fields": {
        "autor": 4,
        "tarea": 27,
        "contenido": "Moment check push wife close. Surface certainly his think anything spend natural. Relationship my throughout degree perform behind different.",
        "fecha_contenido": "1989-01-21T19:50:40.945"
    }
},
{
    "model": "gtareas.comentario",
    "pk": 23,
    "fields": {
        "autor": 24,
        "tarea": 17,
        "contenido": "Rest receive information offer various federal easy race. Between talk goal production. Sell why inside especially camera assume.\nIf edge join well heart single. Sea important middle PM project main.",
        "fecha_contenido": "2016-02-21T00:33:34.171"
    }
},
{
    "model": "gtareas.comentario",
    "pk": 24,
    "fields": {
        "autor": 9,
        "tarea": 30,
        "contenido": "Inside reality can market behavior school. Relate analysis can important there describe.\nRemain agreement thank care.\nShow half floor understand pull. Kind begin carry economic number positive truth.",
        "fecha_contenido": "2005-09-08T19:30:07.992"
    }
},
{
    "model": "gtareas.comentario",
    "pk": 25,
    "fields": {
        "autor": 18,
        "tarea": 9,
        "contenido": "Outside realize represent campaign state poor.\nReady listen with store land order church. Rather discussion small while.",
        "fecha_contenido": "1991-09-12T21:38:36.907"
    }
},
{
    "model": "gtareas.comentario",
    "pk": 26,
    "fields": {
        "autor": 11,
        "tarea": 4,
        "contenido": "Mr interesting choose. Page design effort skin reason direction.\nStandard war politics do draw home. Half himself develop song rock.",
        "fecha_contenido": "2024-01-18T20:44:59.901"
    }
},
{
    "model": "gtareas.comentario",
    "pk": 27,
    "fields": {
        "autor": 17,
        "tarea": 16,
        "contenido": "Speech full far beat thus direction. Purpose step near government.\nWide service statement center. Protect nothing approach. Capital shake watch nor approach get not.",
        "fecha_contenido": "1999-06-20T00:18:17.786"
    }
},
{
    "model": "gtareas.comentario",
    "pk": 28,
    "fields": {
        "autor": 5,
        "tarea": 21,
        "contenido": "Charge over thing student reach recognize long. Enter face red. Get else forget.\nMusic per design fish chance design water. Cover leader fall account better technology.",
        "fecha_contenido": "2024-08-28T06:29:51.110"
    }
},
{
    "model": "gtareas.comentario",
    "pk": 29,
    "fields": {
        "autor": 23,
        "tarea": 13,
        "contenido": "Job until above cell his with article. He professional view husband financial.\nVery improve page to score stock. Style commercial continue story in view alone task.",
        "fecha_contenido": "2004-12-12T14:28:57.661"
    }
},
{
    "model": "gtareas.comentario",
    "pk": 30,
    "fields": {
        "autor": 5,
        "tarea": 26,
        "contenido": "Treat only baby artist indicate. Trouble walk like under story weight care. Imagine small take soldier story nor.",
        "fecha_contenido": "2003-04-11T09:26:04.153"
    }
}
]
